name,genres,reason
3canal,Q650505,no musician or group of that name on Wikidata
5th Ward Weebie,Q4949812,no musician or group of that name on Wikidata
67,Q65943851,no musician or group of that name on Wikidata
A.Skillz,Q106521759,no musician or group of that name on Wikidata
ABC,Q264289 Q597240,no musician or group of that name on Wikidata
AZ,Q9302696,no musician or group of that name on Wikidata
Aaron Spectre,Q1275972,no musician or group of that name on Wikidata
Abing,Q106634987 Q5619688,no musician or group of that name on Wikidata
Acen,Q1585075 Q898709,no musician or group of that name on Wikidata
Acerina y su Danzonera,Q1165358,no musician or group of that name on Wikidata
Adonis,Q341364,no musician or group of that name on Wikidata
Agape,Q135112758,no musician or group of that name on Wikidata
Agarrate Catalina,Q6032965,no musician or group of that name on Wikidata
Agatsuma,Q3541635,no musician or group of that name on Wikidata
Agnostic Front,Q10922,no musician or group of that name on Wikidata
Ak Dan Gwang Chil,Q121437389,no musician or group of that name on Wikidata
Alegre All-Stars,Q28219760,no musician or group of that name on Wikidata
Alexander Kastalsky,Q7382074,no musician or group of that name on Wikidata
Alexandre Stellio,Q814402,no musician or group of that name on Wikidata
Ambrosia,Q28401124,no musician or group of that name on Wikidata
American Football,Q10926 Q39052425,no musician or group of that name on Wikidata
Amir Khan,Q3981034 Q62128,no musician or group of that name on Wikidata
Anti Cimex,Q1151260,no musician or group of that name on Wikidata
Arashi,Q131578,no musician or group of that name on Wikidata
Arcaño y sus Maravillas,Q107195014,no musician or group of that name on Wikidata
Arena,Q1051843,no musician or group of that name on Wikidata
Arkus P,Q307054,no musician or group of that name on Wikidata
Arrow,Q1051735,no musician or group of that name on Wikidata
Arthur Smith,Q106562392,no musician or group of that name on Wikidata
Aubrey Ghent,Q7397320,no musician or group of that name on Wikidata
BK,Q1585015,no musician or group of that name on Wikidata
Bagad Kemper,Q12302,no musician or group of that name on Wikidata
Bagad de Lann-Bihoué,Q12302,no musician or group of that name on Wikidata
Baltra,Q108555812,no musician or group of that name on Wikidata
Bana,Q2982341 Q502535,no musician or group of that name on Wikidata
Banda El Mexicano,Q10932272,no musician or group of that name on Wikidata
Banda Sinaloense Los Recoditos,Q2812726,no musician or group of that name on Wikidata
Baring Teeth,Q112144256,no musician or group of that name on Wikidata
Barões da Pisadinha,Q108857881,no musician or group of that name on Wikidata
Bastard,Q106839582,no musician or group of that name on Wikidata
Be Svendsen,Q109148913,no musician or group of that name on Wikidata
BeatPluggz,Q109382160,no musician or group of that name on Wikidata
Bedouin,Q109148913,no musician or group of that name on Wikidata
Belly Squad,Q85740017,no musician or group of that name on Wikidata
Benga,Q20474,no musician or group of that name on Wikidata
Bicho de Pé,Q10283584,no musician or group of that name on Wikidata
Big Bang,Q213665,no musician or group of that name on Wikidata
Big Bud,Q2842043,no musician or group of that name on Wikidata
Bit Shifter,Q135637,no musician or group of that name on Wikidata
Black String,Q121437389,no musician or group of that name on Wikidata
Black Widow,Q55296418,no musician or group of that name on Wikidata
Blame,Q2842043,no musician or group of that name on Wikidata
Blo,Q3606268,no musician or group of that name on Wikidata
Blue Devils,Q128631435,no musician or group of that name on Wikidata
Bob Desper,Q136335965,no musician or group of that name on Wikidata
Bong-Ra,Q1275972 Q903735,no musician or group of that name on Wikidata
Bonga,Q1470503,no musician or group of that name on Wikidata
Boondocks Gang,Q122034475,no musician or group of that name on Wikidata
Boyz II Men,Q850412,no musician or group of that name on Wikidata
Brighouse and Rastrick Band,Q110230168,no musician or group of that name on Wikidata
Brooks,Q20021059,no musician or group of that name on Wikidata
Buknas de Culiacán,Q109406736,no musician or group of that name on Wikidata
Caiiro,Q388100,no musician or group of that name on Wikidata
Callisto,Q98528292,no musician or group of that name on Wikidata
Calvin Cooke,Q7397320,no musician or group of that name on Wikidata
Camel,Q106621063,no musician or group of that name on Wikidata
Cannibal Movie,Q16254929,no musician or group of that name on Wikidata
Captain Hook,Q2385862,no musician or group of that name on Wikidata
Cardenales del Éxito,Q535328,no musician or group of that name on Wikidata
Carnage,Q47781397,no musician or group of that name on Wikidata
Carolina Crown,Q128631435,no musician or group of that name on Wikidata
Cascatinha & Inhana,Q106594814,no musician or group of that name on Wikidata
Cathedral,Q186170,no musician or group of that name on Wikidata
Central Line,Q4969182,no musician or group of that name on Wikidata
Cero,Q113086512,no musician or group of that name on Wikidata
Chacal y Yakarta,Q108297222,no musician or group of that name on Wikidata
Charles Amoah,Q1014887,no musician or group of that name on Wikidata
Charles King,Q1061165,no musician or group of that name on Wikidata
Chaweewan Dumnern,Q1753803,no musician or group of that name on Wikidata
Chicco Twala,Q110230812,no musician or group of that name on Wikidata
Chocolate MC,Q124713283,no musician or group of that name on Wikidata
Chon,Q1132152,no musician or group of that name on Wikidata
Chrissy Zebby Tembo,Q145980,no musician or group of that name on Wikidata
Christy's Minstrels,Q1937548,no musician or group of that name on Wikidata
Chrome,Q968730,no musician or group of that name on Wikidata
Citizen Boy,Q29973057,no musician or group of that name on Wikidata
Claudinho & Buchecha,Q10286515 Q1931130,no musician or group of that name on Wikidata
Clave y Guaguancó,Q388475,no musician or group of that name on Wikidata
Code 61,Q1890098,no musician or group of that name on Wikidata
College,Q19938910,no musician or group of that name on Wikidata
Conqueror,Q13586773,no musician or group of that name on Wikidata
Consequence,Q106404300,no musician or group of that name on Wikidata
Contrafarsa,Q6032965,no musician or group of that name on Wikidata
Converter,Q1913888,no musician or group of that name on Wikidata
Cornelius,Q1207347,no musician or group of that name on Wikidata
Corona,Q216961,no musician or group of that name on Wikidata
Cory Band,Q110230168,no musician or group of that name on Wikidata
Crazy Cousinz,Q9364028,no musician or group of that name on Wikidata
"Crosby, Stills, Nash & Young",Q186472,no musician or group of that name on Wikidata
Cuarteto Leo,Q155119,no musician or group of that name on Wikidata
Cub,Q126281483,no musician or group of that name on Wikidata
Culture,Q1299260,no musician or group of that name on Wikidata
D.A.V.E. The Drummer,Q341395,no musician or group of that name on Wikidata
DJ Boring,Q108555812,no musician or group of that name on Wikidata
DJ Clent,Q24885387,no musician or group of that name on Wikidata
DJ Marfox,Q108297194,no musician or group of that name on Wikidata
DJ Milton,Q2748817,no musician or group of that name on Wikidata
DJ Nate,Q24885387 Q5466607,no musician or group of that name on Wikidata
DJ Scud,Q1275972 Q903735,no musician or group of that name on Wikidata
DJ Sliink,Q4965901,no musician or group of that name on Wikidata
DJ Slugo,Q2748817,no musician or group of that name on Wikidata
DNA,Q823080,no musician or group of that name on Wikidata
Da Capo,Q388100,no musician or group of that name on Wikidata
Dadá Boladão,Q97278139,no musician or group of that name on Wikidata
Dale and Grace,Q106522115,no musician or group of that name on Wikidata
Damia,Q2956171,no musician or group of that name on Wikidata
Dan Leno,Q940462,no musician or group of that name on Wikidata
Dariush,Q7170257,no musician or group of that name on Wikidata
Dave Nada,Q21092,no musician or group of that name on Wikidata
Dawn,Q2997058,no musician or group of that name on Wikidata
Dead End,Q131425,no musician or group of that name on Wikidata
Deadbeat,Q1262781,no musician or group of that name on Wikidata
Death,Q483251 Q65943557,no musician or group of that name on Wikidata
Death Side,Q106839582,no musician or group of that name on Wikidata
Delete,Q21000514,no musician or group of that name on Wikidata
Depressive Silence,Q48971892,no musician or group of that name on Wikidata
Desperadoes Steel Orchestra,Q100330555,no musician or group of that name on Wikidata
Disconscious,Q80725067,no musician or group of that name on Wikidata
Dougal & Gammer,Q339906,no musician or group of that name on Wikidata
Down,Q56353998 Q720959,no musician or group of that name on Wikidata
Doyle Lawson & Quicksilver,Q21327441,no musician or group of that name on Wikidata
Drokz,Q1265050,no musician or group of that name on Wikidata
Drumagick,Q3179786,no musician or group of that name on Wikidata
Dubdogz,Q85748774,no musician or group of that name on Wikidata
E Zezi,Q3980643,no musician or group of that name on Wikidata
ESG,Q1643549,no musician or group of that name on Wikidata
Ebenezer Calender,Q5480212,no musician or group of that name on Wikidata
Ed Rush & Optical,Q1335569 Q967654,no musician or group of that name on Wikidata
Egg,Q727803,no musician or group of that name on Wikidata
Emmanuel Mulemena,Q1669802,no musician or group of that name on Wikidata
Endymion,Q1983750,no musician or group of that name on Wikidata
Enoo Napa,Q388100,no musician or group of that name on Wikidata
Enrico Sangiuliano,Q111182811,no musician or group of that name on Wikidata
Equinox,Q2121992,no musician or group of that name on Wikidata
Erang,Q48971892,no musician or group of that name on Wikidata
Erra,Q30587784,no musician or group of that name on Wikidata
Escort,Q4045538,no musician or group of that name on Wikidata
Ethic,Q122034475,no musician or group of that name on Wikidata
FM-84,Q19938910,no musician or group of that name on Wikidata
Falta y Resto,Q6032965,no musician or group of that name on Wikidata
Federation,Q2043175,no musician or group of that name on Wikidata
Female,Q16951912,no musician or group of that name on Wikidata
Fief,Q48971892,no musician or group of that name on Wikidata
Field Marshal Montgomery Pipe Band,Q108055228,no musician or group of that name on Wikidata
Fiji,Q136537479 Q7122786,no musician or group of that name on Wikidata
Filhos de Gandhy,Q383530,no musician or group of that name on Wikidata
Fisher,Q598593,no musician or group of that name on Wikidata
Framtid,Q118640020,no musician or group of that name on Wikidata
Frikstailers,Q1143744,no musician or group of that name on Wikidata
Ghost,Q55296418,no musician or group of that name on Wikidata
Gong,Q236913 Q727803,no musician or group of that name on Wikidata
Grandmixer DST,Q1046801,no musician or group of that name on Wikidata
Grouch,Q109715837,no musician or group of that name on Wikidata
Grupo Bahía,Q5794983,no musician or group of that name on Wikidata
Gut,Q584752,no musician or group of that name on Wikidata
Gyuto Monks Tantric Choir,Q124670108,no musician or group of that name on Wikidata
Hard Bass School,Q28458027,no musician or group of that name on Wikidata
Harlem Spartans,Q65943851,no musician or group of that name on Wikidata
Harry J Allstars,Q1277532,no musician or group of that name on Wikidata
Hashim,Q1325963,no musician or group of that name on Wikidata
Hassan Shakosh,Q25230739,no musician or group of that name on Wikidata
Hazard,Q46649,no musician or group of that name on Wikidata
Heavy Nopal,Q5690818,no musician or group of that name on Wikidata
Hiroshi Wada and Mahina Stars,Q10296747,no musician or group of that name on Wikidata
His Hero Is Gone,Q112628069 Q825769,no musician or group of that name on Wikidata
Hole Dweller,Q112118783,no musician or group of that name on Wikidata
Holy Men,Q4706203,no musician or group of that name on Wikidata
Hybrid Minds,Q2082572,no musician or group of that name on Wikidata
Hypnoskull,Q1913888,no musician or group of that name on Wikidata
IQ,Q1051843,no musician or group of that name on Wikidata
Idaho,Q1490170,no musician or group of that name on Wikidata
Idealism,Q97265899,no musician or group of that name on Wikidata
Ihhashi Elimhlophe,Q6783396,no musician or group of that name on Wikidata
In/Humanity,Q9253748,no musician or group of that name on Wikidata
Inade,Q12671486,no musician or group of that name on Wikidata
Infest,Q1784106,no musician or group of that name on Wikidata
Innellea,Q110185782,no musician or group of that name on Wikidata
Isabella Yurieva,Q4400837,no musician or group of that name on Wikidata
Iskra,Q28070612,no musician or group of that name on Wikidata
Isole,Q5834708,no musician or group of that name on Wikidata
Iwer George,Q109930142,no musician or group of that name on Wikidata
JFA,Q828305,no musician or group of that name on Wikidata
Jagwa Music,Q118255449,no musician or group of that name on Wikidata
James Carr,Q1567032 Q96376126,no musician or group of that name on Wikidata
James Scott,Q185652 Q2976236,no musician or group of that name on Wikidata
Jan Jelinek,Q1931555,no musician or group of that name on Wikidata
Japan,Q597240,no musician or group of that name on Wikidata
Jean Binta Breeze,Q1113204,no musician or group of that name on Wikidata
John Dowland,Q6705418,no musician or group of that name on Wikidata
John Dunstaple,Q2995521,no musician or group of that name on Wikidata
John Fahey,Q466445,no musician or group of that name on Wikidata
John Field,Q194172,no musician or group of that name on Wikidata
Josef Strauss,Q11821889,no musician or group of that name on Wikidata
Joy Anonymous,Q126175574,no musician or group of that name on Wikidata
João Bosco & Vinícius,Q10370558,no musician or group of that name on Wikidata
João Paulo & Daniel,Q106594830,no musician or group of that name on Wikidata
Julia Ecklar,Q1414130,no musician or group of that name on Wikidata
Junior Jein,Q20016116,no musician or group of that name on Wikidata
Justice,Q113493820 Q627906,no musician or group of that name on Wikidata
Juvenile,Q4949812 Q8560269,no musician or group of that name on Wikidata
KB,Q2238236,no musician or group of that name on Wikidata
KW Griff,Q4852979,no musician or group of that name on Wikidata
Kashpaid,Q111133885,no musician or group of that name on Wikidata
Katharsys,Q11830421,no musician or group of that name on Wikidata
Kes,Q1051735,no musician or group of that name on Wikidata
Kevin Energy,Q2181965,no musician or group of that name on Wikidata
Koop,Q1136331,no musician or group of that name on Wikidata
Kora,Q7122786,no musician or group of that name on Wikidata
Koto,Q4049849,no musician or group of that name on Wikidata
Kouchoum Mbada,Q590662,no musician or group of that name on Wikidata
Kronos Quartet,Q11487510,no musician or group of that name on Wikidata
La Fornarina,Q125850367,no musician or group of that name on Wikidata
La Niña de los Peines,Q9764,no musician or group of that name on Wikidata
La Roux,Q188450,no musician or group of that name on Wikidata
La Sonora Dinamita,Q6826021,no musician or group of that name on Wikidata
La Sonora Matancera,Q1552806,no musician or group of that name on Wikidata
La Sonora Palacios,Q5794676,no musician or group of that name on Wikidata
La Sonora de Tommy Rey,Q5794676,no musician or group of that name on Wikidata
LaVern Baker,Q45981,no musician or group of that name on Wikidata
Lach,Q574651,no musician or group of that name on Wikidata
Lacrimosa,Q1362878,no musician or group of that name on Wikidata
Lady Gaga,Q188450 Q211756,no musician or group of that name on Wikidata
Lady Jaydee,Q630689,no musician or group of that name on Wikidata
Ladysmith Black Mambazo,Q1673922,no musician or group of that name on Wikidata
Ladytron,Q188450 Q861823,no musician or group of that name on Wikidata
Lagwagon,Q828305,no musician or group of that name on Wikidata
Laibach,Q1078010 Q936942,no musician or group of that name on Wikidata
Laidback Luke,Q1228230 Q627906,no musician or group of that name on Wikidata
Lalgudi Jayaraman,Q1323698 Q956883,no musician or group of that name on Wikidata
Lamb,Q205560,no musician or group of that name on Wikidata
Larry Norman,Q6188299 Q753520,no musician or group of that name on Wikidata
Lauryn Hill,Q268253,no musician or group of that name on Wikidata
Lazerhawk,Q140369806 Q19938910,no musician or group of that name on Wikidata
Lee Park-sa,Q11339397,no musician or group of that name on Wikidata
Lemmy Mabaso,Q1736883,no musician or group of that name on Wikidata
Leviathan,Q28949059,no musician or group of that name on Wikidata
Liquid,Q1585075,no musician or group of that name on Wikidata
Loop,Q109077288 Q236913,no musician or group of that name on Wikidata
Los Buitres de Culiacán,Q109406736,no musician or group of that name on Wikidata
Los Camperos de Valles,Q3089524 Q7560584,no musician or group of that name on Wikidata
Los Viking's 5,Q5794676,no musician or group of that name on Wikidata
Lotus,Q6658771,no musician or group of that name on Wikidata
Louis Towers,Q1061165,no musician or group of that name on Wikidata
Love,Q46046,no musician or group of that name on Wikidata
Lula Côrtes,Q10387147,no musician or group of that name on Wikidata
M.E.S.H.,Q96376113,no musician or group of that name on Wikidata
MC Rodolfinho,Q15893013,no musician or group of that name on Wikidata
MC Tianyou,Q97169418,no musician or group of that name on Wikidata
MV & EE,Q98528183,no musician or group of that name on Wikidata
Macky Gee,Q46649,no musician or group of that name on Wikidata
Madball,Q131286017,no musician or group of that name on Wikidata
Mai Mai Mai,Q16254929,no musician or group of that name on Wikidata
Makoto,Q2842043,no musician or group of that name on Wikidata
Marconi Notaro,Q10387147,no musician or group of that name on Wikidata
Mariachi Cobre,Q464129,no musician or group of that name on Wikidata
Marinês,Q586110,no musician or group of that name on Wikidata
Mars,Q823080,no musician or group of that name on Wikidata
May,Q12702016,no musician or group of that name on Wikidata
Mazz,Q431415,no musician or group of that name on Wikidata
McIntosh County Shouters,Q132362695,no musician or group of that name on Wikidata
Meco,Q2608506,no musician or group of that name on Wikidata
Megaptera,Q3487358,no musician or group of that name on Wikidata
Meggy Z.,Q1159539,no musician or group of that name on Wikidata
Mesak,Q888137,no musician or group of that name on Wikidata
Mesto,Q20021059,no musician or group of that name on Wikidata
Mestre Lucindo,Q1036183,no musician or group of that name on Wikidata
MexikoDro,Q109382160,no musician or group of that name on Wikidata
Mfaz' Omnyama,Q6783396,no musician or group of that name on Wikidata
Miami Nights 1984,Q140369806,no musician or group of that name on Wikidata
Min'yo Crusaders,Q901610,no musician or group of that name on Wikidata
Mineral,Q39052425,no musician or group of that name on Wikidata
Minsk,Q98528292,no musician or group of that name on Wikidata
Mohamed El Anka,Q2961766,no musician or group of that name on Wikidata
Monkey Mafia,Q858579,no musician or group of that name on Wikidata
MoonDeity,Q112997482,no musician or group of that name on Wikidata
Mordred,Q667659,no musician or group of that name on Wikidata
Muhammad al-Qubbanchi,Q12193614,no musician or group of that name on Wikidata
Munadjat Yulchieva,Q3091180,no musician or group of that name on Wikidata
Musi-O-Tunya,Q145980,no musician or group of that name on Wikidata
Musiliu Haruna Ishola,Q617338,no musician or group of that name on Wikidata
Mysore Ananthaswamy,Q15720097,no musician or group of that name on Wikidata
NSG,Q85740017,no musician or group of that name on Wikidata
Nas,Q529742 Q876171 Q9302696,no musician or group of that name on Wikidata
Neck,Q1990122,no musician or group of that name on Wikidata
Next Step Up,Q5724040,no musician or group of that name on Wikidata
Ngozi Family,Q145980,no musician or group of that name on Wikidata
Nikola Karović,Q8059887,no musician or group of that name on Wikidata
Nucleus,Q944465,no musician or group of that name on Wikidata
Nídia,Q108297194,no musician or group of that name on Wikidata
Odunsi (The Engine),Q110592306,no musician or group of that name on Wikidata
Ofege,Q3606268,no musician or group of that name on Wikidata
Ohama,Q6865341,no musician or group of that name on Wikidata
Oka Wi Ortega,Q25230739,no musician or group of that name on Wikidata
Old Tower,Q48971892,no musician or group of that name on Wikidata
Onyx,Q966564,no musician or group of that name on Wikidata
Oregon,Q4020968,no musician or group of that name on Wikidata
Os Lambas,Q1191544,no musician or group of that name on Wikidata
Ott,Q749475,no musician or group of that name on Wikidata
Pallas,Q1051843,no musician or group of that name on Wikidata
Panacea,Q1166321,no musician or group of that name on Wikidata
Paradox,Q2121992,no musician or group of that name on Wikidata
Paris,Q969663,no musician or group of that name on Wikidata
Parliament,Q164444 Q577080,no musician or group of that name on Wikidata
Patrick Jumpen,Q389631,no musician or group of that name on Wikidata
Paul Glazby,Q1585015,no musician or group of that name on Wikidata
Pawan Singh,Q134589204,no musician or group of that name on Wikidata
Pelican,Q41343,no musician or group of that name on Wikidata
Pelt,Q98528183,no musician or group of that name on Wikidata
Pena Branca & Xavantinho,Q10331354 Q106594814,no musician or group of that name on Wikidata
People Like Us,Q1744304 Q7205507,no musician or group of that name on Wikidata
Pepper,Q7308175,no musician or group of that name on Wikidata
Phace,Q967654,no musician or group of that name on Wikidata
Phantom Regiment,Q128631435,no musician or group of that name on Wikidata
Phuzekhemisi,Q6783396,no musician or group of that name on Wikidata
PlayaPhonk,Q112997482,no musician or group of that name on Wikidata
Plebeian Grandstand,Q126954549,no musician or group of that name on Wikidata
Pole,Q1262781,no musician or group of that name on Wikidata
Portal,Q112144256,no musician or group of that name on Wikidata
Praga Khan,Q112663444,no musician or group of that name on Wikidata
Present,Q3630966,no musician or group of that name on Wikidata
Priku,Q122474257,no musician or group of that name on Wikidata
Puseletso Seema,Q5433431,no musician or group of that name on Wikidata
RAM,Q7295057,no musician or group of that name on Wikidata
Rabit,Q96376113,no musician or group of that name on Wikidata
Raresh,Q122474257,no musician or group of that name on Wikidata
Ratt,Q188539,no musician or group of that name on Wikidata
Ray Kane,Q98528264,no musician or group of that name on Wikidata
Realm,Q56377253,no musician or group of that name on Wikidata
Reeps One,Q213608,no musician or group of that name on Wikidata
Regis,Q16951912 Q29480448,no musician or group of that name on Wikidata
Renaissance,Q106621063 Q719927,no musician or group of that name on Wikidata
Revenge,Q13586773,no musician or group of that name on Wikidata
Rhadoo,Q122474257,no musician or group of that name on Wikidata
Rodrigo,Q155119,no musician or group of that name on Wikidata
Roll Deep,Q1166726,no musician or group of that name on Wikidata
Romanos the Melodist,Q1337498,no musician or group of that name on Wikidata
Rome,Q775614,no musician or group of that name on Wikidata
Rosa Eskenazi,Q220528,no musician or group of that name on Wikidata
Roska,Q9364028,no musician or group of that name on Wikidata
Rudeboyz,Q29973057,no musician or group of that name on Wikidata
Sabo,Q109148913,no musician or group of that name on Wikidata
Sagittarius,Q2461933,no musician or group of that name on Wikidata
Santa Clara Vanguard,Q128631435,no musician or group of that name on Wikidata
Santana,Q18345375 Q185162,no musician or group of that name on Wikidata
Scottie B,Q4852979,no musician or group of that name on Wikidata
Search,Q12702016,no musician or group of that name on Wikidata
Seba,Q2842043,no musician or group of that name on Wikidata
Serpent Column,Q126954549,no musician or group of that name on Wikidata
Serum,Q46649,no musician or group of that name on Wikidata
Shelow Shaq,Q16491869,no musician or group of that name on Wikidata
Shevchenko e Elloco,Q97278139,no musician or group of that name on Wikidata
Shizuo,Q56580,no musician or group of that name on Wikidata
Shori Miyan,Q70076,no musician or group of that name on Wikidata
Shotts and Dykehead Caledonia Pipe Band,Q108055228,no musician or group of that name on Wikidata
Sicko Mobb,Q108297200,no musician or group of that name on Wikidata
Siege,Q1995569,no musician or group of that name on Wikidata
Silvana Armenulić,Q674684,no musician or group of that name on Wikidata
Simon Fraser University Pipe Band,Q108055228,no musician or group of that name on Wikidata
Six Organs of Admittance,Q2404568 Q98528183,no musician or group of that name on Wikidata
Skah Shah,Q2726026,no musician or group of that name on Wikidata
Slavko Perović,Q8059887,no musician or group of that name on Wikidata
Sleep,Q1772422 Q617240,no musician or group of that name on Wikidata
Sleezy D,Q341364,no musician or group of that name on Wikidata
Sonny Mann,Q5118383,no musician or group of that name on Wikidata
Space,Q2608506 Q98528149,no musician or group of that name on Wikidata
Spok Frevo Orquestra,Q1455932,no musician or group of that name on Wikidata
Spooky,Q915152,no musician or group of that name on Wikidata
Spor,Q967654,no musician or group of that name on Wikidata
Squire,Q2280273,no musician or group of that name on Wikidata
Ssing Ssing,Q121437389,no musician or group of that name on Wikidata
Stardust,Q1455292,no musician or group of that name on Wikidata
Steinski,Q1744304,no musician or group of that name on Wikidata
Stoa,Q899116,no musician or group of that name on Wikidata
StoopidXool,Q109382160,no musician or group of that name on Wikidata
Strid,Q28949059,no musician or group of that name on Wikidata
Styx,Q16527140 Q379033,no musician or group of that name on Wikidata
Subfiltronik,Q65065491,no musician or group of that name on Wikidata
Suicide,Q27190 Q325504 Q476983,no musician or group of that name on Wikidata
Supernatural,Q12302979,no musician or group of that name on Wikidata
"Sá, Rodrix & Guarabyra",Q123360735,no musician or group of that name on Wikidata
T2,Q4846346,no musician or group of that name on Wikidata
Taladro,Q107267643,no musician or group of that name on Wikidata
Tape Five,Q602561,no musician or group of that name on Wikidata
Television,Q659599,no musician or group of that name on Wikidata
Terror,Q131286017,no musician or group of that name on Wikidata
Tetrameth,Q109715837,no musician or group of that name on Wikidata
The 1910 Fruitgum Company,Q997481,no musician or group of that name on Wikidata
The Archies,Q997481,no musician or group of that name on Wikidata
The Blue Comets,Q3117305,no musician or group of that name on Wikidata
The Buffalo Bills,Q807820,no musician or group of that name on Wikidata
The Business,Q274401,no musician or group of that name on Wikidata
The Casualties,Q383615,no musician or group of that name on Wikidata
The Cavaliers,Q128631435,no musician or group of that name on Wikidata
The Dixieland Jug Blowers,Q1075338,no musician or group of that name on Wikidata
The Family,Q6868046,no musician or group of that name on Wikidata
The Focus Group,Q85765918,no musician or group of that name on Wikidata
The Heatmakerz,Q1074569,no musician or group of that name on Wikidata
The Lewis Family,Q21327441,no musician or group of that name on Wikidata
The Miracles,Q9078960,no musician or group of that name on Wikidata
The Oblivians,Q2296495,no musician or group of that name on Wikidata
The Peech Boys,Q4942839,no musician or group of that name on Wikidata
The Quarrymen,Q606089,no musician or group of that name on Wikidata
The Speer Family,Q2022163,no musician or group of that name on Wikidata
The Swan Silvertones,Q880270,no musician or group of that name on Wikidata
The Tape-beatles,Q1744304 Q7205507,no musician or group of that name on Wikidata
The Tower Recordings,Q98528183,no musician or group of that name on Wikidata
Themba,Q388100,no musician or group of that name on Wikidata
Theo Parrish,Q874038,no musician or group of that name on Wikidata
Ticon,Q2385862,no musician or group of that name on Wikidata
Tiger,Q740911,no musician or group of that name on Wikidata
Tião Carreiro & Pardinho,Q10331354 Q106594814,no musician or group of that name on Wikidata
Toe,Q1132152,no musician or group of that name on Wikidata
Tom & Jerry,Q1102161,no musician or group of that name on Wikidata
Tommy Johnson,Q1127539,no musician or group of that name on Wikidata
Tonico & Tinoco,Q10331354 Q106594814 Q1958273,no musician or group of that name on Wikidata
Tony Amado,Q1191544,no musician or group of that name on Wikidata
Total,Q2256407,no musician or group of that name on Wikidata
Traitors,Q110121422,no musician or group of that name on Wikidata
Traxman,Q24885387 Q5466607,no musician or group of that name on Wikidata
Trio,Q646679,no musician or group of that name on Wikidata
Triple Kay International,Q4950496,no musician or group of that name on Wikidata
Tshetsha Boys,Q17146868,no musician or group of that name on Wikidata
Tukaram,Q2641862,no musician or group of that name on Wikidata
UZ,Q47781397,no musician or group of that name on Wikidata
Virginia Minstrels,Q1937548,no musician or group of that name on Wikidata
Viviano Torres,Q1061165,no musician or group of that name on Wikidata
Vjuan Allure,Q106522098,no musician or group of that name on Wikidata
Víctor Jara,Q1151259 Q3879286,no musician or group of that name on Wikidata
Wasiu Ayinde Marshal,Q3509353,no musician or group of that name on Wikidata
Whistler's Jug Band,Q1075338,no musician or group of that name on Wikidata
Willie Eason,Q7397320,no musician or group of that name on Wikidata
Wilson Simonal,Q10367259,no musician or group of that name on Wikidata
Winter,Q2089511,no musician or group of that name on Wikidata
Wizex,Q105757139,no musician or group of that name on Wikidata
XRS,Q3179786,no musician or group of that name on Wikidata
Yoshio Ojima,Q112159506,no musician or group of that name on Wikidata
Zawel Kwartin,Q108297215 Q125346598,no musician or group of that name on Wikidata
Zero 7,Q251192 Q757143,no musician or group of that name on Wikidata
Zezé Di Camargo & Luciano,Q106594830 Q1958273,no musician or group of that name on Wikidata
Zombi,Q107985638,no musician or group of that name on Wikidata
Zutomayo,Q113563746,no musician or group of that name on Wikidata
