genre,year
http://www.wikidata.org/entity/Q542971,1991
http://www.wikidata.org/entity/Q546206,1985
http://www.wikidata.org/entity/Q546264,1963
http://www.wikidata.org/entity/Q546359,1930
http://www.wikidata.org/entity/Q547137,1970
http://www.wikidata.org/entity/Q556959,1972
http://www.wikidata.org/entity/Q572901,1964
http://www.wikidata.org/entity/Q573484,1966
http://www.wikidata.org/entity/Q574651,1985
http://www.wikidata.org/entity/Q577080,1974
http://www.wikidata.org/entity/Q584752,1988
http://www.wikidata.org/entity/Q586110,1900
http://www.wikidata.org/entity/Q590662,1993
http://www.wikidata.org/entity/Q592060,1966
http://www.wikidata.org/entity/Q592330,1982
http://www.wikidata.org/entity/Q597240,1979
http://www.wikidata.org/entity/Q598593,1993
http://www.wikidata.org/entity/Q598929,1978
http://www.wikidata.org/entity/Q601235,1988
http://www.wikidata.org/entity/Q602561,1994
http://www.wikidata.org/entity/Q602646,1988
http://www.wikidata.org/entity/Q606089,1920
http://www.wikidata.org/entity/Q606393,1978
http://www.wikidata.org/entity/Q612024,1945
http://www.wikidata.org/entity/Q613408,1965
http://www.wikidata.org/entity/Q613707,1908
http://www.wikidata.org/entity/Q613874,1972
http://www.wikidata.org/entity/Q616679,1988
http://www.wikidata.org/entity/Q617240,1988
http://www.wikidata.org/entity/Q617338,1930
http://www.wikidata.org/entity/Q622688,1980
http://www.wikidata.org/entity/Q622871,1992
http://www.wikidata.org/entity/Q623904,1000
http://www.wikidata.org/entity/Q627906,1997
http://www.wikidata.org/entity/Q630689,1995
http://www.wikidata.org/entity/Q640097,1945
http://www.wikidata.org/entity/Q641318,1972
http://www.wikidata.org/entity/Q641357,1985
http://www.wikidata.org/entity/Q642983,1995
http://www.wikidata.org/entity/Q646165,2001
http://www.wikidata.org/entity/Q646679,1976
http://www.wikidata.org/entity/Q649634,1930
http://www.wikidata.org/entity/Q649823,1927
http://www.wikidata.org/entity/Q650316,1958
http://www.wikidata.org/entity/Q655514,1982
http://www.wikidata.org/entity/Q659599,1979
http://www.wikidata.org/entity/Q660984,1992
http://www.wikidata.org/entity/Q663519,1987
http://www.wikidata.org/entity/Q178145,1990
http://www.wikidata.org/entity/Q180268,1600
http://www.wikidata.org/entity/Q180853,1500
http://www.wikidata.org/entity/Q181010,1955
http://www.wikidata.org/entity/Q181861,1977
http://www.wikidata.org/entity/Q181897,1920
http://www.wikidata.org/entity/Q183504,1981
http://www.wikidata.org/entity/Q183862,1988
http://www.wikidata.org/entity/Q185162,1957
http://www.wikidata.org/entity/Q185652,1890
http://www.wikidata.org/entity/Q185676,1900
http://www.wikidata.org/entity/Q186170,1980
http://www.wikidata.org/entity/Q186472,1964
http://www.wikidata.org/entity/Q187760,1976
http://www.wikidata.org/entity/Q188285,1200
http://www.wikidata.org/entity/Q188450,1978
http://www.wikidata.org/entity/Q188450,1998
http://www.wikidata.org/entity/Q188534,1985
http://www.wikidata.org/entity/Q188539,1979
http://www.wikidata.org/entity/Q188994,1992
http://www.wikidata.org/entity/Q189045,1991
http://www.wikidata.org/entity/Q193207,1967
http://www.wikidata.org/entity/Q193355,1960
http://www.wikidata.org/entity/Q196999,1970
http://www.wikidata.org/entity/Q201405,1400
http://www.wikidata.org/entity/Q202919,1850
http://www.wikidata.org/entity/Q202925,1988
http://www.wikidata.org/entity/Q202930,1990
http://www.wikidata.org/entity/Q203720,1950
http://www.wikidata.org/entity/Q203775,1930
http://www.wikidata.org/entity/Q205560,1992
http://www.wikidata.org/entity/Q206159,1965
http://www.wikidata.org/entity/Q208239,1920
http://www.wikidata.org/entity/Q208341,1780
http://www.wikidata.org/entity/Q208494,1988
http://www.wikidata.org/entity/Q209137,1995
http://www.wikidata.org/entity/Q209498,1979
http://www.wikidata.org/entity/Q210216,1681
http://www.wikidata.org/entity/Q210854,1310
http://www.wikidata.org/entity/Q211573,1960
http://www.wikidata.org/entity/Q211723,1978
http://www.wikidata.org/entity/Q211756,1980
http://www.wikidata.org/entity/Q211781,1960
http://www.wikidata.org/entity/Q212024,1790
http://www.wikidata.org/entity/Q212688,1960
http://www.wikidata.org/entity/Q212952,1900
http://www.wikidata.org/entity/Q213121,1960
http://www.wikidata.org/entity/Q213149,1980
http://www.wikidata.org/entity/Q213572,1990
http://www.wikidata.org/entity/Q213608,1980
http://www.wikidata.org/entity/Q213665,1990
http://www.wikidata.org/entity/Q213714,1940
http://www.wikidata.org/entity/Q216860,1810
http://www.wikidata.org/entity/Q216961,1988
http://www.wikidata.org/entity/Q217191,1960
http://www.wikidata.org/entity/Q217467,1968
http://www.wikidata.org/entity/Q217597,1980
http://www.wikidata.org/entity/Q220528,1850
http://www.wikidata.org/entity/Q220830,1957
http://www.wikidata.org/entity/Q221686,1923
http://www.wikidata.org/entity/Q221772,1987
http://www.wikidata.org/entity/Q223840,1998
http://www.wikidata.org/entity/Q1344,1600
http://www.wikidata.org/entity/Q2743,1560
http://www.wikidata.org/entity/Q3071,1975
http://www.wikidata.org/entity/Q4797,1900
http://www.wikidata.org/entity/Q6010,1970
http://www.wikidata.org/entity/Q7749,1949
http://www.wikidata.org/entity/Q8341,1917
http://www.wikidata.org/entity/Q8361,1600
http://www.wikidata.org/entity/Q9730,500
http://www.wikidata.org/entity/Q9734,1600
http://www.wikidata.org/entity/Q9759,1890
http://www.wikidata.org/entity/Q9764,1774
http://www.wikidata.org/entity/Q9778,1920
http://www.wikidata.org/entity/Q9794,1961
http://www.wikidata.org/entity/Q10922,1978
http://www.wikidata.org/entity/Q10926,1984
http://www.wikidata.org/entity/Q11363,1995
http://www.wikidata.org/entity/Q11365,1985
http://www.wikidata.org/entity/Q11366,1978
http://www.wikidata.org/entity/Q11399,1948
http://www.wikidata.org/entity/Q11401,1973
http://www.wikidata.org/entity/Q11403,1914
http://www.wikidata.org/entity/Q17723,1730
http://www.wikidata.org/entity/Q20378,1985
http://www.wikidata.org/entity/Q20474,2001
http://www.wikidata.org/entity/Q20502,1982
http://www.wikidata.org/entity/Q20903,2007
http://www.wikidata.org/entity/Q21092,2010
http://www.wikidata.org/entity/Q24383,1970
http://www.wikidata.org/entity/Q25116,1905
http://www.wikidata.org/entity/Q26473,900
http://www.wikidata.org/entity/Q27190,1965
http://www.wikidata.org/entity/Q37073,1950
http://www.wikidata.org/entity/Q38656,1972
http://www.wikidata.org/entity/Q38848,1970
http://www.wikidata.org/entity/Q40461,1960
http://www.wikidata.org/entity/Q41343,1996
http://www.wikidata.org/entity/Q45981,1938
http://www.wikidata.org/entity/Q46046,1965
http://www.wikidata.org/entity/Q46649,1995
http://www.wikidata.org/entity/Q48445,1988
http://www.wikidata.org/entity/Q49451,1967
http://www.wikidata.org/entity/Q54365,1958
http://www.wikidata.org/entity/Q56580,1992
http://www.wikidata.org/entity/Q57143,1982
http://www.wikidata.org/entity/Q58339,1972
http://www.wikidata.org/entity/Q63885,1985
http://www.wikidata.org/entity/Q70076,1700
http://www.wikidata.org/entity/Q76092,1969
http://www.wikidata.org/entity/Q83270,1967
http://www.wikidata.org/entity/Q83440,1920
http://www.wikidata.org/entity/Q85477,1700
http://www.wikidata.org/entity/Q105513,1945
http://www.wikidata.org/entity/Q105527,1950
http://www.wikidata.org/entity/Q131269,1600
http://www.wikidata.org/entity/Q131272,1955
http://www.wikidata.org/entity/Q131425,1984
http://www.wikidata.org/entity/Q131510,-1999
http://www.wikidata.org/entity/Q131578,1988
http://www.wikidata.org/entity/Q132438,1985
http://www.wikidata.org/entity/Q135637,1978
http://www.wikidata.org/entity/Q138020,1980
http://www.wikidata.org/entity/Q141459,1960
http://www.wikidata.org/entity/Q145980,1972
http://www.wikidata.org/entity/Q155119,1940
http://www.wikidata.org/entity/Q163491,1170
http://www.wikidata.org/entity/Q163775,500
http://www.wikidata.org/entity/Q164444,1965
http://www.wikidata.org/entity/Q166813,1920
http://www.wikidata.org/entity/Q170435,1988
http://www.wikidata.org/entity/Q170611,1984
http://www.wikidata.org/entity/Q174873,1600
http://www.wikidata.org/entity/Q388906,1989
http://www.wikidata.org/entity/Q389993,1968
http://www.wikidata.org/entity/Q420883,1998
http://www.wikidata.org/entity/Q423918,1957
http://www.wikidata.org/entity/Q428656,1973
http://www.wikidata.org/entity/Q429264,1975
http://www.wikidata.org/entity/Q431415,1945
http://www.wikidata.org/entity/Q438476,1984
http://www.wikidata.org/entity/Q438503,1988
http://www.wikidata.org/entity/Q446241,1960
http://www.wikidata.org/entity/Q447962,1994
http://www.wikidata.org/entity/Q454071,1981
http://www.wikidata.org/entity/Q455686,1987
http://www.wikidata.org/entity/Q458480,1985
http://www.wikidata.org/entity/Q460674,1977
http://www.wikidata.org/entity/Q464129,1800
http://www.wikidata.org/entity/Q465978,1977
http://www.wikidata.org/entity/Q466445,1959
http://www.wikidata.org/entity/Q469343,1985
http://www.wikidata.org/entity/Q470611,1987
http://www.wikidata.org/entity/Q474027,1970
http://www.wikidata.org/entity/Q475221,1986
http://www.wikidata.org/entity/Q476983,1977
http://www.wikidata.org/entity/Q481900,1988
http://www.wikidata.org/entity/Q482981,1800
http://www.wikidata.org/entity/Q483251,1985
http://www.wikidata.org/entity/Q483352,1980
http://www.wikidata.org/entity/Q483740,1965
http://www.wikidata.org/entity/Q484179,1991
http://www.wikidata.org/entity/Q484344,1984
http://www.wikidata.org/entity/Q484641,1965
http://www.wikidata.org/entity/Q485395,1979
http://www.wikidata.org/entity/Q486263,1958
http://www.wikidata.org/entity/Q486365,1976
http://www.wikidata.org/entity/Q486415,1995
http://www.wikidata.org/entity/Q487914,1977
http://www.wikidata.org/entity/Q487965,1975
http://www.wikidata.org/entity/Q497957,1965
http://www.wikidata.org/entity/Q500879,1975
http://www.wikidata.org/entity/Q507246,1923
http://www.wikidata.org/entity/Q512410,1450
http://www.wikidata.org/entity/Q513357,2000
http://www.wikidata.org/entity/Q515074,1955
http://www.wikidata.org/entity/Q517415,1965
http://www.wikidata.org/entity/Q526463,1984
http://www.wikidata.org/entity/Q529742,1987
http://www.wikidata.org/entity/Q530750,1974
http://www.wikidata.org/entity/Q533914,1992
http://www.wikidata.org/entity/Q534606,1957
http://www.wikidata.org/entity/Q535402,1998
http://www.wikidata.org/entity/Q539089,1957
http://www.wikidata.org/entity/Q542703,1981
http://www.wikidata.org/entity/Q227045,1986
http://www.wikidata.org/entity/Q236913,1968
http://www.wikidata.org/entity/Q236932,1965
http://www.wikidata.org/entity/Q239459,1990
http://www.wikidata.org/entity/Q241662,1990
http://www.wikidata.org/entity/Q245296,1936
http://www.wikidata.org/entity/Q251192,1988
http://www.wikidata.org/entity/Q253137,1967
http://www.wikidata.org/entity/Q253918,1990
http://www.wikidata.org/entity/Q255406,1985
http://www.wikidata.org/entity/Q263734,1995
http://www.wikidata.org/entity/Q264289,1985
http://www.wikidata.org/entity/Q267287,1981
http://www.wikidata.org/entity/Q268253,1998
http://www.wikidata.org/entity/Q272167,1987
http://www.wikidata.org/entity/Q274401,1977
http://www.wikidata.org/entity/Q278357,2001
http://www.wikidata.org/entity/Q278409,1930
http://www.wikidata.org/entity/Q282131,1850
http://www.wikidata.org/entity/Q283405,1978
http://www.wikidata.org/entity/Q284543,1982
http://www.wikidata.org/entity/Q290869,1900
http://www.wikidata.org/entity/Q307054,1995
http://www.wikidata.org/entity/Q310871,1997
http://www.wikidata.org/entity/Q318973,1700
http://www.wikidata.org/entity/Q320592,1967
http://www.wikidata.org/entity/Q325397,1993
http://www.wikidata.org/entity/Q325504,1965
http://www.wikidata.org/entity/Q327547,1948
http://www.wikidata.org/entity/Q336567,1975
http://www.wikidata.org/entity/Q339906,1992
http://www.wikidata.org/entity/Q341364,1987
http://www.wikidata.org/entity/Q341395,1988
http://www.wikidata.org/entity/Q341396,1991
http://www.wikidata.org/entity/Q362515,2000
http://www.wikidata.org/entity/Q367751,1950
http://www.wikidata.org/entity/Q370515,1978
http://www.wikidata.org/entity/Q370778,1985
http://www.wikidata.org/entity/Q371745,1988
http://www.wikidata.org/entity/Q372103,1982
http://www.wikidata.org/entity/Q373982,1986
http://www.wikidata.org/entity/Q377910,1980
http://www.wikidata.org/entity/Q378988,1960
http://www.wikidata.org/entity/Q379671,1994
http://www.wikidata.org/entity/Q382343,1999
http://www.wikidata.org/entity/Q383615,1982
http://www.wikidata.org/entity/Q383982,1965
http://www.wikidata.org/entity/Q384064,1620
http://www.wikidata.org/entity/Q387916,1958
http://www.wikidata.org/entity/Q388100,2005
http://www.wikidata.org/entity/Q388296,1970
http://www.wikidata.org/entity/Q2385862,1998
http://www.wikidata.org/entity/Q2389651,1900
http://www.wikidata.org/entity/Q2396639,1995
http://www.wikidata.org/entity/Q2404568,1998
http://www.wikidata.org/entity/Q2404891,1604
http://www.wikidata.org/entity/Q2406633,1993
http://www.wikidata.org/entity/Q2420447,1900
http://www.wikidata.org/entity/Q2426218,1900
http://www.wikidata.org/entity/Q2426383,2005
http://www.wikidata.org/entity/Q2428625,2010
http://www.wikidata.org/entity/Q2452152,1996
http://www.wikidata.org/entity/Q2456210,1990
http://www.wikidata.org/entity/Q2461933,1965
http://www.wikidata.org/entity/Q2465085,1988
http://www.wikidata.org/entity/Q2484587,1998
http://www.wikidata.org/entity/Q2497323,1996
http://www.wikidata.org/entity/Q2517263,1992
http://www.wikidata.org/entity/Q2519962,1983
http://www.wikidata.org/entity/Q2521569,1968
http://www.wikidata.org/entity/Q2525544,1994
http://www.wikidata.org/entity/Q2526653,1981
http://www.wikidata.org/entity/Q2529400,1975
http://www.wikidata.org/entity/Q2532274,1975
http://www.wikidata.org/entity/Q2532560,1995
http://www.wikidata.org/entity/Q2537356,1985
http://www.wikidata.org/entity/Q2545135,1985
http://www.wikidata.org/entity/Q2551540,1987
http://www.wikidata.org/entity/Q2566660,1960
http://www.wikidata.org/entity/Q2568406,1960
http://www.wikidata.org/entity/Q2572585,1980
http://www.wikidata.org/entity/Q2603965,1948
http://www.wikidata.org/entity/Q2607836,1965
http://www.wikidata.org/entity/Q2608506,1976
http://www.wikidata.org/entity/Q2611957,1970
http://www.wikidata.org/entity/Q2614533,1968
http://www.wikidata.org/entity/Q2615500,1994
http://www.wikidata.org/entity/Q2624785,1965
http://www.wikidata.org/entity/Q667659,1985
http://www.wikidata.org/entity/Q669738,1992
http://www.wikidata.org/entity/Q674684,1475
http://www.wikidata.org/entity/Q675553,1965
http://www.wikidata.org/entity/Q677542,1990
http://www.wikidata.org/entity/Q700423,1968
http://www.wikidata.org/entity/Q703778,1978
http://www.wikidata.org/entity/Q704073,1360
http://www.wikidata.org/entity/Q708228,900
http://www.wikidata.org/entity/Q710673,1116
http://www.wikidata.org/entity/Q720959,1992
http://www.wikidata.org/entity/Q724755,1990
http://www.wikidata.org/entity/Q725011,1978
http://www.wikidata.org/entity/Q725888,1970
http://www.wikidata.org/entity/Q726239,1910
http://www.wikidata.org/entity/Q727634,1930
http://www.wikidata.org/entity/Q727781,1600
http://www.wikidata.org/entity/Q727803,1968
http://www.wikidata.org/entity/Q728579,1943
http://www.wikidata.org/entity/Q733804,2001
http://www.wikidata.org/entity/Q740911,1985
http://www.wikidata.org/entity/Q742341,1968
http://www.wikidata.org/entity/Q744417,1978
http://www.wikidata.org/entity/Q747717,1975
http://www.wikidata.org/entity/Q749475,1993
http://www.wikidata.org/entity/Q752785,1900
http://www.wikidata.org/entity/Q753520,1968
http://www.wikidata.org/entity/Q753679,1985
http://www.wikidata.org/entity/Q756956,1988
http://www.wikidata.org/entity/Q757143,1992
http://www.wikidata.org/entity/Q773880,1990
http://www.wikidata.org/entity/Q775614,1980
http://www.wikidata.org/entity/Q780517,1994
http://www.wikidata.org/entity/Q783097,1985
http://www.wikidata.org/entity/Q783243,1982
http://www.wikidata.org/entity/Q784310,2007
http://www.wikidata.org/entity/Q786815,1975
http://www.wikidata.org/entity/Q790188,1957
http://www.wikidata.org/entity/Q804401,1957
http://www.wikidata.org/entity/Q817138,1991
http://www.wikidata.org/entity/Q820049,1992
http://www.wikidata.org/entity/Q822914,1985
http://www.wikidata.org/entity/Q823080,1977
http://www.wikidata.org/entity/Q823560,1948
http://www.wikidata.org/entity/Q825769,1986
http://www.wikidata.org/entity/Q828181,1977
http://www.wikidata.org/entity/Q828243,1993
http://www.wikidata.org/entity/Q828305,1985
http://www.wikidata.org/entity/Q830325,1978
http://www.wikidata.org/entity/Q831354,1983
http://www.wikidata.org/entity/Q832665,1992
http://www.wikidata.org/entity/Q834959,1967
http://www.wikidata.org/entity/Q835131,1991
http://www.wikidata.org/entity/Q835562,1900
http://www.wikidata.org/entity/Q835891,1970
http://www.wikidata.org/entity/Q835919,2004
http://www.wikidata.org/entity/Q837389,1943
http://www.wikidata.org/entity/Q837837,1960
http://www.wikidata.org/entity/Q839029,1920
http://www.wikidata.org/entity/Q840065,1985
http://www.wikidata.org/entity/Q842324,1980
http://www.wikidata.org/entity/Q844245,1935
http://www.wikidata.org/entity/Q846119,1964
http://www.wikidata.org/entity/Q846833,1975
http://www.wikidata.org/entity/Q848399,1948
http://www.wikidata.org/entity/Q848457,1994
http://www.wikidata.org/entity/Q848852,1988
http://www.wikidata.org/entity/Q850412,1980
http://www.wikidata.org/entity/Q851213,1977
http://www.wikidata.org/entity/Q852767,1968
http://www.wikidata.org/entity/Q856872,1985
http://www.wikidata.org/entity/Q858579,1992
http://www.wikidata.org/entity/Q860196,1940
http://www.wikidata.org/entity/Q861823,1995
http://www.wikidata.org/entity/Q863539,1839
http://www.wikidata.org/entity/Q868855,1978
http://www.wikidata.org/entity/Q873478,1950
http://www.wikidata.org/entity/Q874038,1985
http://www.wikidata.org/entity/Q876171,1978
http://www.wikidata.org/entity/Q877693,1982
http://www.wikidata.org/entity/Q885561,1965
http://www.wikidata.org/entity/Q885943,1927
http://www.wikidata.org/entity/Q888137,2005
http://www.wikidata.org/entity/Q888612,1988
http://www.wikidata.org/entity/Q890575,1978
http://www.wikidata.org/entity/Q890887,1995
http://www.wikidata.org/entity/Q892958,1963
http://www.wikidata.org/entity/Q898530,1967
http://www.wikidata.org/entity/Q899116,1986
http://www.wikidata.org/entity/Q903735,1994
http://www.wikidata.org/entity/Q906647,1910
http://www.wikidata.org/entity/Q912383,1917
http://www.wikidata.org/entity/Q915152,1990
http://www.wikidata.org/entity/Q916387,1948
http://www.wikidata.org/entity/Q918095,1988
http://www.wikidata.org/entity/Q918542,1958
http://www.wikidata.org/entity/Q922865,1990
http://www.wikidata.org/entity/Q928825,1983
http://www.wikidata.org/entity/Q930592,1988
http://www.wikidata.org/entity/Q930995,1985
http://www.wikidata.org/entity/Q2626684,2008
http://www.wikidata.org/entity/Q2634010,1987
http://www.wikidata.org/entity/Q2639210,1963
http://www.wikidata.org/entity/Q2640307,1994
http://www.wikidata.org/entity/Q2662148,1972
http://www.wikidata.org/entity/Q2687544,1980
http://www.wikidata.org/entity/Q2697917,1962
http://www.wikidata.org/entity/Q2702280,1988
http://www.wikidata.org/entity/Q2706919,1990
http://www.wikidata.org/entity/Q2707298,900
http://www.wikidata.org/entity/Q2707994,1940
http://www.wikidata.org/entity/Q2710523,1989
http://www.wikidata.org/entity/Q2715283,1992
http://www.wikidata.org/entity/Q2736181,1970
http://www.wikidata.org/entity/Q2737175,1900
http://www.wikidata.org/entity/Q2738113,1991
http://www.wikidata.org/entity/Q2742436,1970
http://www.wikidata.org/entity/Q2743435,1967
http://www.wikidata.org/entity/Q2746831,1976
http://www.wikidata.org/entity/Q2748817,1992
http://www.wikidata.org/entity/Q2798694,1920
http://www.wikidata.org/entity/Q2842043,1991
http://www.wikidata.org/entity/Q2866725,1987
http://www.wikidata.org/entity/Q2881236,1700
http://www.wikidata.org/entity/Q2884829,1600
http://www.wikidata.org/entity/Q2907334,1968
http://www.wikidata.org/entity/Q2913982,1990
http://www.wikidata.org/entity/Q2932658,1970
http://www.wikidata.org/entity/Q2956246,550
http://www.wikidata.org/entity/Q2961766,2000
http://www.wikidata.org/entity/Q2963621,2009
http://www.wikidata.org/entity/Q2988851,1955
http://www.wikidata.org/entity/Q2991840,1997
http://www.wikidata.org/entity/Q2994332,1960
http://www.wikidata.org/entity/Q2997058,1992
http://www.wikidata.org/entity/Q3008122,1995
http://www.wikidata.org/entity/Q3021144,2005
http://www.wikidata.org/entity/Q3025242,1975
http://www.wikidata.org/entity/Q3032090,1960
http://www.wikidata.org/entity/Q3032212,1988
http://www.wikidata.org/entity/Q3046632,2004
http://www.wikidata.org/entity/Q3048168,1995
http://www.wikidata.org/entity/Q3053954,1970
http://www.wikidata.org/entity/Q3056538,1987
http://www.wikidata.org/entity/Q3062629,2006
http://www.wikidata.org/entity/Q3066180,1992
http://www.wikidata.org/entity/Q3069904,1950
http://www.wikidata.org/entity/Q3083000,1850
http://www.wikidata.org/entity/Q3090876,1975
http://www.wikidata.org/entity/Q3094259,1978
http://www.wikidata.org/entity/Q3108920,1998
http://www.wikidata.org/entity/Q3111428,1890
http://www.wikidata.org/entity/Q3116754,2006
http://www.wikidata.org/entity/Q3117305,1967
http://www.wikidata.org/entity/Q3128751,1450
http://www.wikidata.org/entity/Q3135807,1992
http://www.wikidata.org/entity/Q3163340,1948
http://www.wikidata.org/entity/Q3179786,2001
http://www.wikidata.org/entity/Q3192617,1984
http://www.wikidata.org/entity/Q3231749,1998
http://www.wikidata.org/entity/Q3293102,1990
http://www.wikidata.org/entity/Q3296134,2002
http://www.wikidata.org/entity/Q3305039,1300
http://www.wikidata.org/entity/Q3328590,1600
http://www.wikidata.org/entity/Q3328764,1960
http://www.wikidata.org/entity/Q3337361,1998
http://www.wikidata.org/entity/Q3347279,1965
http://www.wikidata.org/entity/Q3360459,1978
http://www.wikidata.org/entity/Q3389124,1988
http://www.wikidata.org/entity/Q3392209,1860
http://www.wikidata.org/entity/Q3397882,1965
http://www.wikidata.org/entity/Q3408028,1963
http://www.wikidata.org/entity/Q3410876,1978
http://www.wikidata.org/entity/Q3421402,2004
http://www.wikidata.org/entity/Q3437823,1958
http://www.wikidata.org/entity/Q3437841,1955
http://www.wikidata.org/entity/Q3437876,1968
http://www.wikidata.org/entity/Q3446440,1980
http://www.wikidata.org/entity/Q3453150,1940
http://www.wikidata.org/entity/Q3470688,1930
http://www.wikidata.org/entity/Q3476584,1981
http://www.wikidata.org/entity/Q3476798,2011
http://www.wikidata.org/entity/Q3477737,1985
http://www.wikidata.org/entity/Q932977,1985
http://www.wikidata.org/entity/Q936573,1997
http://www.wikidata.org/entity/Q936942,1988
http://www.wikidata.org/entity/Q944465,1960
http://www.wikidata.org/entity/Q949369,1993
http://www.wikidata.org/entity/Q956717,1998
http://www.wikidata.org/entity/Q956883,1100
http://www.wikidata.org/entity/Q959583,1874
http://www.wikidata.org/entity/Q963061,1965
http://www.wikidata.org/entity/Q965635,1988
http://www.wikidata.org/entity/Q966564,1988
http://www.wikidata.org/entity/Q967654,1998
http://www.wikidata.org/entity/Q968165,1870
http://www.wikidata.org/entity/Q968730,1976
http://www.wikidata.org/entity/Q969663,1970
http://www.wikidata.org/entity/Q970409,1992
http://www.wikidata.org/entity/Q989478,1750
http://www.wikidata.org/entity/Q997481,1960
http://www.wikidata.org/entity/Q1026089,1790
http://www.wikidata.org/entity/Q1027999,1992
http://www.wikidata.org/entity/Q1033912,1992
http://www.wikidata.org/entity/Q1045541,1989
http://www.wikidata.org/entity/Q1046768,1966
http://www.wikidata.org/entity/Q1046801,1990
http://www.wikidata.org/entity/Q1046838,1995
http://www.wikidata.org/entity/Q1046920,2000
http://www.wikidata.org/entity/Q1051735,1970
http://www.wikidata.org/entity/Q1051843,1988
http://www.wikidata.org/entity/Q1055871,1965
http://www.wikidata.org/entity/Q1061165,1980
http://www.wikidata.org/entity/Q1062400,1450
http://www.wikidata.org/entity/Q1071873,1920
http://www.wikidata.org/entity/Q1071961,1981
http://www.wikidata.org/entity/Q1074569,1999
http://www.wikidata.org/entity/Q1076092,1988
http://www.wikidata.org/entity/Q1076539,1875
http://www.wikidata.org/entity/Q1078010,1980
http://www.wikidata.org/entity/Q1089050,1958
http://www.wikidata.org/entity/Q1090048,1900
http://www.wikidata.org/entity/Q1091056,2001
http://www.wikidata.org/entity/Q1091450,1993
http://www.wikidata.org/entity/Q1092553,1970
http://www.wikidata.org/entity/Q1092837,1963
http://www.wikidata.org/entity/Q1100989,1990
http://www.wikidata.org/entity/Q1102161,1987
http://www.wikidata.org/entity/Q1102871,2001
http://www.wikidata.org/entity/Q1109947,1985
http://www.wikidata.org/entity/Q1113204,1975
http://www.wikidata.org/entity/Q1121111,1885
http://www.wikidata.org/entity/Q1123745,1975
http://www.wikidata.org/entity/Q1127530,1959
http://www.wikidata.org/entity/Q1127539,1928
http://www.wikidata.org/entity/Q1132152,1986
http://www.wikidata.org/entity/Q1133657,1970
http://www.wikidata.org/entity/Q1136045,2006
http://www.wikidata.org/entity/Q1136331,1995
http://www.wikidata.org/entity/Q1136765,1996
http://www.wikidata.org/entity/Q1139136,1990
http://www.wikidata.org/entity/Q1141081,1950
http://www.wikidata.org/entity/Q1141686,1720
http://www.wikidata.org/entity/Q1143744,1997
http://www.wikidata.org/entity/Q1143752,1999
http://www.wikidata.org/entity/Q1147692,1988
http://www.wikidata.org/entity/Q1151259,1965
http://www.wikidata.org/entity/Q1151260,1980
http://www.wikidata.org/entity/Q1151663,1910
http://www.wikidata.org/entity/Q1159539,1960
http://www.wikidata.org/entity/Q1164252,1978
http://www.wikidata.org/entity/Q1165777,1993
http://www.wikidata.org/entity/Q1166158,1980
http://www.wikidata.org/entity/Q1166197,1994
http://www.wikidata.org/entity/Q1166321,1997
http://www.wikidata.org/entity/Q1166726,2001
http://www.wikidata.org/entity/Q1181308,1992
http://www.wikidata.org/entity/Q1185390,1988
http://www.wikidata.org/entity/Q1190485,1978
http://www.wikidata.org/entity/Q1190565,1978
http://www.wikidata.org/entity/Q1191299,1990
http://www.wikidata.org/entity/Q1191544,1999
http://www.wikidata.org/entity/Q1195630,1250
http://www.wikidata.org/entity/Q1196752,1920
http://www.wikidata.org/entity/Q1207347,1993
http://www.wikidata.org/entity/Q1208448,1600
http://www.wikidata.org/entity/Q1228230,2007
http://www.wikidata.org/entity/Q1242484,1993
http://www.wikidata.org/entity/Q1243254,1999
http://www.wikidata.org/entity/Q1253172,1980
http://www.wikidata.org/entity/Q1259016,1995
http://www.wikidata.org/entity/Q1262697,1890
http://www.wikidata.org/entity/Q1262781,1993
http://www.wikidata.org/entity/Q1265050,1995
http://www.wikidata.org/entity/Q1269729,1962
http://www.wikidata.org/entity/Q1271752,1915
http://www.wikidata.org/entity/Q1273641,1979
http://www.wikidata.org/entity/Q1275972,1998
http://www.wikidata.org/entity/Q1277532,1965
http://www.wikidata.org/entity/Q1298934,1972
http://www.wikidata.org/entity/Q1299260,1968
http://www.wikidata.org/entity/Q1307555,1987
http://www.wikidata.org/entity/Q1309336,1914
http://www.wikidata.org/entity/Q3503814,1992
http://www.wikidata.org/entity/Q3512282,1960
http://www.wikidata.org/entity/Q3517436,1850
http://www.wikidata.org/entity/Q3559240,1965
http://www.wikidata.org/entity/Q3564915,1960
http://www.wikidata.org/entity/Q3575673,1992
http://www.wikidata.org/entity/Q3591962,1968
http://www.wikidata.org/entity/Q3613770,1991
http://www.wikidata.org/entity/Q3622181,1757
http://www.wikidata.org/entity/Q3630966,1969
http://www.wikidata.org/entity/Q3631657,1920
http://www.wikidata.org/entity/Q3658336,1945
http://www.wikidata.org/entity/Q3699386,1990
http://www.wikidata.org/entity/Q3709211,1997
http://www.wikidata.org/entity/Q3724735,1995
http://www.wikidata.org/entity/Q3724778,1984
http://www.wikidata.org/entity/Q3736049,1992
http://www.wikidata.org/entity/Q3752342,1959
http://www.wikidata.org/entity/Q3797148,1550
http://www.wikidata.org/entity/Q3807537,1920
http://www.wikidata.org/entity/Q3827483,1990
http://www.wikidata.org/entity/Q3840596,1980
http://www.wikidata.org/entity/Q3855113,1990
http://www.wikidata.org/entity/Q3868594,1900
http://www.wikidata.org/entity/Q3868787,1935
http://www.wikidata.org/entity/Q3874645,1993
http://www.wikidata.org/entity/Q3876770,2002
http://www.wikidata.org/entity/Q3879179,2001
http://www.wikidata.org/entity/Q3889661,1899
http://www.wikidata.org/entity/Q3930216,1987
http://www.wikidata.org/entity/Q3931695,1968
http://www.wikidata.org/entity/Q3963051,1975
http://www.wikidata.org/entity/Q3974631,1970
http://www.wikidata.org/entity/Q4006363,1993
http://www.wikidata.org/entity/Q4006465,1950
http://www.wikidata.org/entity/Q4045538,1993
http://www.wikidata.org/entity/Q4049849,1981
http://www.wikidata.org/entity/Q4056436,1930
http://www.wikidata.org/entity/Q4078107,1970
http://www.wikidata.org/entity/Q4083733,700
http://www.wikidata.org/entity/Q4088026,1850
http://www.wikidata.org/entity/Q4155078,1989
http://www.wikidata.org/entity/Q4177625,2000
http://www.wikidata.org/entity/Q4306636,1300
http://www.wikidata.org/entity/Q4400125,1100
http://www.wikidata.org/entity/Q4400837,1900
http://www.wikidata.org/entity/Q4490718,1996
http://www.wikidata.org/entity/Q4490991,1970
http://www.wikidata.org/entity/Q4631020,2000
http://www.wikidata.org/entity/Q4637208,1993
http://www.wikidata.org/entity/Q4668383,1980
http://www.wikidata.org/entity/Q4690039,1980
http://www.wikidata.org/entity/Q4706203,1998
http://www.wikidata.org/entity/Q4736555,2002
http://www.wikidata.org/entity/Q4763552,1600
http://www.wikidata.org/entity/Q4832826,2000
http://www.wikidata.org/entity/Q4841596,1988
http://www.wikidata.org/entity/Q4846346,1999
http://www.wikidata.org/entity/Q4848674,1600
http://www.wikidata.org/entity/Q4848738,1965
http://www.wikidata.org/entity/Q4852979,1988
http://www.wikidata.org/entity/Q4854353,1998
http://www.wikidata.org/entity/Q4873394,1957
http://www.wikidata.org/entity/Q4875789,1948
http://www.wikidata.org/entity/Q4942839,1976
http://www.wikidata.org/entity/Q4945025,1500
http://www.wikidata.org/entity/Q4949812,1990
http://www.wikidata.org/entity/Q4950495,2000
http://www.wikidata.org/entity/Q4950496,1988
http://www.wikidata.org/entity/Q4965901,2002
http://www.wikidata.org/entity/Q4971320,1921
http://www.wikidata.org/entity/Q4971442,1963
http://www.wikidata.org/entity/Q4975996,1960
http://www.wikidata.org/entity/Q4993367,1951
http://www.wikidata.org/entity/Q4993553,1990
http://www.wikidata.org/entity/Q4998143,2011
http://www.wikidata.org/entity/Q5039688,1780
http://www.wikidata.org/entity/Q5071702,1997
http://www.wikidata.org/entity/Q5072584,1627
http://www.wikidata.org/entity/Q5072880,2007
http://www.wikidata.org/entity/Q5073926,1980
http://www.wikidata.org/entity/Q5099460,1970
http://www.wikidata.org/entity/Q5100799,1995
http://www.wikidata.org/entity/Q5110298,1982
http://www.wikidata.org/entity/Q5113733,1590
http://www.wikidata.org/entity/Q5119040,1870
http://www.wikidata.org/entity/Q5141514,1925
http://www.wikidata.org/entity/Q5149108,1600
http://www.wikidata.org/entity/Q5158538,1600
http://www.wikidata.org/entity/Q5177472,1964
http://www.wikidata.org/entity/Q5264196,2002
http://www.wikidata.org/entity/Q5392990,2003
http://www.wikidata.org/entity/Q5402470,1994
http://www.wikidata.org/entity/Q5433431,1920
http://www.wikidata.org/entity/Q5445668,1900
http://www.wikidata.org/entity/Q5449125,1966
http://www.wikidata.org/entity/Q5449126,1970
http://www.wikidata.org/entity/Q5464445,1962
http://www.wikidata.org/entity/Q5464464,1955
http://www.wikidata.org/entity/Q5466607,1997
http://www.wikidata.org/entity/Q5466607,2007
http://www.wikidata.org/entity/Q5477103,1990
http://www.wikidata.org/entity/Q5492501,1917
http://www.wikidata.org/entity/Q5500244,1970
http://www.wikidata.org/entity/Q5510816,2005
http://www.wikidata.org/entity/Q5520018,1000
http://www.wikidata.org/entity/Q5520021,1000
http://www.wikidata.org/entity/Q5610389,1970
http://www.wikidata.org/entity/Q5612172,1970
http://www.wikidata.org/entity/Q5618068,1973
http://www.wikidata.org/entity/Q5655695,1990
http://www.wikidata.org/entity/Q5690120,2005
http://www.wikidata.org/entity/Q1317816,1990
http://www.wikidata.org/entity/Q1326777,1956
http://www.wikidata.org/entity/Q1328560,1988
http://www.wikidata.org/entity/Q1335569,1995
http://www.wikidata.org/entity/Q1338153,1900
http://www.wikidata.org/entity/Q1339027,1994
http://www.wikidata.org/entity/Q1371364,1950
http://www.wikidata.org/entity/Q1374731,1974
http://www.wikidata.org/entity/Q1378776,900
http://www.wikidata.org/entity/Q1379958,1968
http://www.wikidata.org/entity/Q1399695,1990
http://www.wikidata.org/entity/Q1403744,1985
http://www.wikidata.org/entity/Q1413061,1967
http://www.wikidata.org/entity/Q1414130,1940
http://www.wikidata.org/entity/Q1418683,1950
http://www.wikidata.org/entity/Q1425661,1985
http://www.wikidata.org/entity/Q1426909,1967
http://www.wikidata.org/entity/Q1429121,2004
http://www.wikidata.org/entity/Q1430045,1984
http://www.wikidata.org/entity/Q1430587,1991
http://www.wikidata.org/entity/Q1431327,1972
http://www.wikidata.org/entity/Q1432934,1982
http://www.wikidata.org/entity/Q1433387,1992
http://www.wikidata.org/entity/Q1435485,1980
http://www.wikidata.org/entity/Q1435509,1993
http://www.wikidata.org/entity/Q1455292,1995
http://www.wikidata.org/entity/Q1455487,1997
http://www.wikidata.org/entity/Q1457545,1990
http://www.wikidata.org/entity/Q1460303,2012
http://www.wikidata.org/entity/Q1470503,1950
http://www.wikidata.org/entity/Q1477428,1985
http://www.wikidata.org/entity/Q1490170,1993
http://www.wikidata.org/entity/Q1493069,1915
http://www.wikidata.org/entity/Q1500364,1965
http://www.wikidata.org/entity/Q1507298,1980
http://www.wikidata.org/entity/Q1515757,1938
http://www.wikidata.org/entity/Q1521688,1994
http://www.wikidata.org/entity/Q1524033,1993
http://www.wikidata.org/entity/Q1530455,1930
http://www.wikidata.org/entity/Q1537056,1850
http://www.wikidata.org/entity/Q1538805,1978
http://www.wikidata.org/entity/Q1564596,1880
http://www.wikidata.org/entity/Q1567032,1957
http://www.wikidata.org/entity/Q1574985,1900
http://www.wikidata.org/entity/Q1585015,1992
http://www.wikidata.org/entity/Q1585075,1989
http://www.wikidata.org/entity/Q1597549,1978
http://www.wikidata.org/entity/Q1606591,1985
http://www.wikidata.org/entity/Q1610196,1630
http://www.wikidata.org/entity/Q1615483,1950
http://www.wikidata.org/entity/Q1619932,1990
http://www.wikidata.org/entity/Q1620079,2005
http://www.wikidata.org/entity/Q1621467,1990
http://www.wikidata.org/entity/Q1622261,1978
http://www.wikidata.org/entity/Q1632601,1955
http://www.wikidata.org/entity/Q1634085,2000
http://www.wikidata.org/entity/Q1636684,1959
http://www.wikidata.org/entity/Q1640319,1960
http://www.wikidata.org/entity/Q1641839,1966
http://www.wikidata.org/entity/Q1643549,1975
http://www.wikidata.org/entity/Q1646666,1937
http://www.wikidata.org/entity/Q1650296,1960
http://www.wikidata.org/entity/Q1658757,1994
http://www.wikidata.org/entity/Q1661924,1982
http://www.wikidata.org/entity/Q1662181,1983
http://www.wikidata.org/entity/Q1669458,1994
http://www.wikidata.org/entity/Q1683348,1985
http://www.wikidata.org/entity/Q1692318,1690
http://www.wikidata.org/entity/Q1702909,1965
http://www.wikidata.org/entity/Q1730388,1928
http://www.wikidata.org/entity/Q1737332,1950
http://www.wikidata.org/entity/Q1738175,2000
http://www.wikidata.org/entity/Q1750088,1980
http://www.wikidata.org/entity/Q1751409,1998
http://www.wikidata.org/entity/Q1751782,1957
http://www.wikidata.org/entity/Q1752683,1968
http://www.wikidata.org/entity/Q1752801,1978
http://www.wikidata.org/entity/Q1754592,1995
http://www.wikidata.org/entity/Q1756101,1995
http://www.wikidata.org/entity/Q1759189,1991
http://www.wikidata.org/entity/Q1772422,1990
http://www.wikidata.org/entity/Q1773654,1968
http://www.wikidata.org/entity/Q1775316,1968
http://www.wikidata.org/entity/Q1779294,1947
http://www.wikidata.org/entity/Q1780056,1900
http://www.wikidata.org/entity/Q1784106,1987
http://www.wikidata.org/entity/Q1795903,1978
http://www.wikidata.org/entity/Q1798870,1975
http://www.wikidata.org/entity/Q1804789,1984
http://www.wikidata.org/entity/Q1840167,2007
http://www.wikidata.org/entity/Q1868278,1993
http://www.wikidata.org/entity/Q1872505,1972
http://www.wikidata.org/entity/Q1878514,1998
http://www.wikidata.org/entity/Q1890098,1987
http://www.wikidata.org/entity/Q1899347,1996
http://www.wikidata.org/entity/Q1913888,1981
http://www.wikidata.org/entity/Q1915787,1982
http://www.wikidata.org/entity/Q1928583,1968
http://www.wikidata.org/entity/Q1929352,1966
http://www.wikidata.org/entity/Q1931130,1980
http://www.wikidata.org/entity/Q5724040,1988
http://www.wikidata.org/entity/Q5747258,1930
http://www.wikidata.org/entity/Q5834708,1985
http://www.wikidata.org/entity/Q5863486,1990
http://www.wikidata.org/entity/Q5881246,1850
http://www.wikidata.org/entity/Q5895294,1990
http://www.wikidata.org/entity/Q5957561,1975
http://www.wikidata.org/entity/Q5978495,2004
http://www.wikidata.org/entity/Q6010117,1980
http://www.wikidata.org/entity/Q6037387,1650
http://www.wikidata.org/entity/Q6111428,1980
http://www.wikidata.org/entity/Q6124308,1980
http://www.wikidata.org/entity/Q6153278,1973
http://www.wikidata.org/entity/Q6188299,1968
http://www.wikidata.org/entity/Q6301761,1948
http://www.wikidata.org/entity/Q6392890,1990
http://www.wikidata.org/entity/Q6431989,1990
http://www.wikidata.org/entity/Q6496549,1961
http://www.wikidata.org/entity/Q6496560,1962
http://www.wikidata.org/entity/Q6658771,1997
http://www.wikidata.org/entity/Q6665245,1915
http://www.wikidata.org/entity/Q6665252,1973
http://www.wikidata.org/entity/Q6689665,2000
http://www.wikidata.org/entity/Q6701559,1931
http://www.wikidata.org/entity/Q6749708,1975
http://www.wikidata.org/entity/Q6774721,1580
http://www.wikidata.org/entity/Q6821898,1964
http://www.wikidata.org/entity/Q6865341,1977
http://www.wikidata.org/entity/Q6868046,1978
http://www.wikidata.org/entity/Q6874626,1720
http://www.wikidata.org/entity/Q6874634,1680
http://www.wikidata.org/entity/Q6907397,2010
http://www.wikidata.org/entity/Q6918602,1990
http://www.wikidata.org/entity/Q6942260,1650
http://www.wikidata.org/entity/Q6979961,2000
http://www.wikidata.org/entity/Q6993291,1980
http://www.wikidata.org/entity/Q7005181,1970
http://www.wikidata.org/entity/Q7015151,2002
http://www.wikidata.org/entity/Q7042753,1993
http://www.wikidata.org/entity/Q7067688,1993
http://www.wikidata.org/entity/Q7077860,200
http://www.wikidata.org/entity/Q7118426,2005
http://www.wikidata.org/entity/Q7122786,1975
http://www.wikidata.org/entity/Q7142141,1850
http://www.wikidata.org/entity/Q7171184,1968
http://www.wikidata.org/entity/Q7180954,1965
http://www.wikidata.org/entity/Q7245792,1980
http://www.wikidata.org/entity/Q7321654,1920
http://www.wikidata.org/entity/Q7397088,1800
http://www.wikidata.org/entity/Q7397641,1988
http://www.wikidata.org/entity/Q7402829,1930
http://www.wikidata.org/entity/Q7405759,1975
http://www.wikidata.org/entity/Q7496127,1920
http://www.wikidata.org/entity/Q7542391,2008
http://www.wikidata.org/entity/Q7560612,1930
http://www.wikidata.org/entity/Q7561291,1980
http://www.wikidata.org/entity/Q7667734,1970
http://www.wikidata.org/entity/Q7672468,2000
http://www.wikidata.org/entity/Q7684951,1921
http://www.wikidata.org/entity/Q7801106,1990
http://www.wikidata.org/entity/Q7832321,1948
http://www.wikidata.org/entity/Q7844612,2000
http://www.wikidata.org/entity/Q7901502,1993
http://www.wikidata.org/entity/Q8032087,2005
http://www.wikidata.org/entity/Q8052472,1890
http://www.wikidata.org/entity/Q8210150,1990
http://www.wikidata.org/entity/Q8251828,1990
http://www.wikidata.org/entity/Q8261759,1790
http://www.wikidata.org/entity/Q8770312,1989
http://www.wikidata.org/entity/Q9011351,1994
http://www.wikidata.org/entity/Q9016941,1000
http://www.wikidata.org/entity/Q9034625,1800
http://www.wikidata.org/entity/Q9051097,1955
http://www.wikidata.org/entity/Q9095433,1980
http://www.wikidata.org/entity/Q9149801,1989
http://www.wikidata.org/entity/Q1931555,1996
http://www.wikidata.org/entity/Q1936659,1963
http://www.wikidata.org/entity/Q1937548,1830
http://www.wikidata.org/entity/Q1958273,1920
http://www.wikidata.org/entity/Q1982973,1992
http://www.wikidata.org/entity/Q1983116,1982
http://www.wikidata.org/entity/Q1983750,1996
http://www.wikidata.org/entity/Q1987105,1986
http://www.wikidata.org/entity/Q1987980,1998
http://www.wikidata.org/entity/Q1990122,1984
http://www.wikidata.org/entity/Q1995569,1980
http://www.wikidata.org/entity/Q1995980,2003
http://www.wikidata.org/entity/Q2004156,1985
http://www.wikidata.org/entity/Q2022163,1890
http://www.wikidata.org/entity/Q2035976,2001
http://www.wikidata.org/entity/Q2043175,1998
http://www.wikidata.org/entity/Q2045695,1960
http://www.wikidata.org/entity/Q2064394,1985
http://www.wikidata.org/entity/Q2076779,1995
http://www.wikidata.org/entity/Q2082572,1998
http://www.wikidata.org/entity/Q2084353,2000
http://www.wikidata.org/entity/Q2087267,1960
http://www.wikidata.org/entity/Q2089511,1992
http://www.wikidata.org/entity/Q2090023,1955
http://www.wikidata.org/entity/Q2097664,1957
http://www.wikidata.org/entity/Q2104067,1975
http://www.wikidata.org/entity/Q2118402,1975
http://www.wikidata.org/entity/Q2121992,1994
http://www.wikidata.org/entity/Q2138639,1908
http://www.wikidata.org/entity/Q2164565,1970
http://www.wikidata.org/entity/Q2181965,1995
http://www.wikidata.org/entity/Q2187392,1985
http://www.wikidata.org/entity/Q2195355,1909
http://www.wikidata.org/entity/Q2225757,1992
http://www.wikidata.org/entity/Q2238236,1985
http://www.wikidata.org/entity/Q2256407,1990
http://www.wikidata.org/entity/Q2260696,1992
http://www.wikidata.org/entity/Q2265295,1840
http://www.wikidata.org/entity/Q2265866,1990
http://www.wikidata.org/entity/Q2266376,1968
http://www.wikidata.org/entity/Q2268922,1982
http://www.wikidata.org/entity/Q2271846,1988
http://www.wikidata.org/entity/Q2280273,1977
http://www.wikidata.org/entity/Q2280497,1975
http://www.wikidata.org/entity/Q2281409,1983
http://www.wikidata.org/entity/Q2296495,1977
http://www.wikidata.org/entity/Q2302695,1993
http://www.wikidata.org/entity/Q2324411,1995
http://www.wikidata.org/entity/Q2332751,1945
http://www.wikidata.org/entity/Q2336819,1910
http://www.wikidata.org/entity/Q2342263,1970
http://www.wikidata.org/entity/Q2343562,1977
http://www.wikidata.org/entity/Q2344472,1990
http://www.wikidata.org/entity/Q2344635,1962
http://www.wikidata.org/entity/Q2346991,2006
http://www.wikidata.org/entity/Q2365784,2005
http://www.wikidata.org/entity/Q2374619,1993
http://www.wikidata.org/entity/Q138388459,1800
http://www.wikidata.org/entity/Q139801507,1990
http://www.wikidata.org/entity/Q140369806,2006
http://www.wikidata.org/entity/Q140627258,2020
http://www.wikidata.org/entity/Q140799760,2000
http://www.wikidata.org/entity/Q29480448,1990
http://www.wikidata.org/entity/Q29973057,2012
http://www.wikidata.org/entity/Q30593639,1960
http://www.wikidata.org/entity/Q30594541,2015
http://www.wikidata.org/entity/Q30638997,2011
http://www.wikidata.org/entity/Q30902501,1989
http://www.wikidata.org/entity/Q30917612,1988
http://www.wikidata.org/entity/Q30919272,1995
http://www.wikidata.org/entity/Q31836693,2011
http://www.wikidata.org/entity/Q47781397,2010
http://www.wikidata.org/entity/Q48834745,1960
http://www.wikidata.org/entity/Q48971892,1991
http://www.wikidata.org/entity/Q53806314,1960
http://www.wikidata.org/entity/Q54329757,2010
http://www.wikidata.org/entity/Q55415524,1981
http://www.wikidata.org/entity/Q55644985,2015
http://www.wikidata.org/entity/Q56342439,1992
http://www.wikidata.org/entity/Q58809444,2000
http://www.wikidata.org/entity/Q60462608,1977
http://www.wikidata.org/entity/Q60729751,1980
http://www.wikidata.org/entity/Q60973191,2010
http://www.wikidata.org/entity/Q65065491,2010
http://www.wikidata.org/entity/Q65089257,2007
http://www.wikidata.org/entity/Q65177809,1900
http://www.wikidata.org/entity/Q65330805,2015
http://www.wikidata.org/entity/Q65937017,1993
http://www.wikidata.org/entity/Q65937946,1900
http://www.wikidata.org/entity/Q65943557,1984
http://www.wikidata.org/entity/Q65943851,2015
http://www.wikidata.org/entity/Q79784514,1969
http://www.wikidata.org/entity/Q79891737,1906
http://www.wikidata.org/entity/Q80724932,2011
http://www.wikidata.org/entity/Q80725067,2012
http://www.wikidata.org/entity/Q80725127,2010
http://www.wikidata.org/entity/Q85741139,2012
http://www.wikidata.org/entity/Q85748774,2012
http://www.wikidata.org/entity/Q85765918,2000
http://www.wikidata.org/entity/Q89423271,1983
http://www.wikidata.org/entity/Q90568328,2010
http://www.wikidata.org/entity/Q95469495,1985
http://www.wikidata.org/entity/Q95469495,2006
http://www.wikidata.org/entity/Q96376113,2010
http://www.wikidata.org/entity/Q96395212,2011
http://www.wikidata.org/entity/Q96647680,2020
http://www.wikidata.org/entity/Q97178866,2018
http://www.wikidata.org/entity/Q97181439,2015
http://www.wikidata.org/entity/Q97216998,1974
http://www.wikidata.org/entity/Q97265899,2000
http://www.wikidata.org/entity/Q97265899,2010
http://www.wikidata.org/entity/Q97277483,1987
http://www.wikidata.org/entity/Q97278139,2011
http://www.wikidata.org/entity/Q97378346,1976
http://www.wikidata.org/entity/Q97942949,1982
http://www.wikidata.org/entity/Q98528139,1978
http://www.wikidata.org/entity/Q98528149,1976
http://www.wikidata.org/entity/Q98528158,2007
http://www.wikidata.org/entity/Q98528166,1989
http://www.wikidata.org/entity/Q98528171,1977
http://www.wikidata.org/entity/Q98528195,1600
http://www.wikidata.org/entity/Q98528290,1978
http://www.wikidata.org/entity/Q98528292,1993
http://www.wikidata.org/entity/Q98528482,1986
http://www.wikidata.org/entity/Q100139647,2010
http://www.wikidata.org/entity/Q100151423,1984
http://www.wikidata.org/entity/Q100922002,2009
http://www.wikidata.org/entity/Q101109587,2019
http://www.wikidata.org/entity/Q104771349,1959
http://www.wikidata.org/entity/Q104847619,2015
http://www.wikidata.org/entity/Q104870214,1980
http://www.wikidata.org/entity/Q105334717,1965
http://www.wikidata.org/entity/Q105404852,2005
http://www.wikidata.org/entity/Q105762622,1700
http://www.wikidata.org/entity/Q106239244,1970
http://www.wikidata.org/entity/Q106298881,1920
http://www.wikidata.org/entity/Q106369996,2012
http://www.wikidata.org/entity/Q106388388,2017
http://www.wikidata.org/entity/Q106404229,2010
http://www.wikidata.org/entity/Q106404300,2007
http://www.wikidata.org/entity/Q106422444,1979
http://www.wikidata.org/entity/Q106423092,1987
http://www.wikidata.org/entity/Q106424145,1986
http://www.wikidata.org/entity/Q106477753,2011
http://www.wikidata.org/entity/Q106493832,2017
http://www.wikidata.org/entity/Q106514601,2007
http://www.wikidata.org/entity/Q106520965,1994
http://www.wikidata.org/entity/Q106522080,1988
http://www.wikidata.org/entity/Q106522098,1989
http://www.wikidata.org/entity/Q106522190,1998
http://www.wikidata.org/entity/Q106522238,1989
http://www.wikidata.org/entity/Q106528420,2010
http://www.wikidata.org/entity/Q106528422,1993
http://www.wikidata.org/entity/Q106544624,2017
http://www.wikidata.org/entity/Q106547171,2013
http://www.wikidata.org/entity/Q106576261,2012
http://www.wikidata.org/entity/Q106577108,1989
http://www.wikidata.org/entity/Q106577542,2013
http://www.wikidata.org/entity/Q106581470,1950
http://www.wikidata.org/entity/Q106581777,1968
http://www.wikidata.org/entity/Q106583068,2014
http://www.wikidata.org/entity/Q106591506,2011
http://www.wikidata.org/entity/Q9364028,2006
http://www.wikidata.org/entity/Q10268931,2004
http://www.wikidata.org/entity/Q10286190,1998
http://www.wikidata.org/entity/Q10286515,1991
http://www.wikidata.org/entity/Q10354439,1990
http://www.wikidata.org/entity/Q10363610,1965
http://www.wikidata.org/entity/Q10367221,1960
http://www.wikidata.org/entity/Q10831132,1954
http://www.wikidata.org/entity/Q10856835,1994
http://www.wikidata.org/entity/Q11307326,1970
http://www.wikidata.org/entity/Q11312853,2007
http://www.wikidata.org/entity/Q11317843,1990
http://www.wikidata.org/entity/Q11319210,1977
http://www.wikidata.org/entity/Q11319232,1979
http://www.wikidata.org/entity/Q11320601,1980
http://www.wikidata.org/entity/Q11325235,1982
http://www.wikidata.org/entity/Q11332204,1999
http://www.wikidata.org/entity/Q11339397,1987
http://www.wikidata.org/entity/Q11410717,1947
http://www.wikidata.org/entity/Q11660484,1992
http://www.wikidata.org/entity/Q11680297,1995
http://www.wikidata.org/entity/Q11691380,2008
http://www.wikidata.org/entity/Q11693017,1992
http://www.wikidata.org/entity/Q11830421,2006
http://www.wikidata.org/entity/Q11890008,1970
http://www.wikidata.org/entity/Q12200830,1990
http://www.wikidata.org/entity/Q12302979,1980
http://www.wikidata.org/entity/Q12304885,1979
http://www.wikidata.org/entity/Q12307741,1968
http://www.wikidata.org/entity/Q12326776,1970
http://www.wikidata.org/entity/Q12339784,2008
http://www.wikidata.org/entity/Q12362064,2013
http://www.wikidata.org/entity/Q12702016,1987
http://www.wikidata.org/entity/Q12716093,2004
http://www.wikidata.org/entity/Q12811727,1850
http://www.wikidata.org/entity/Q12845743,1950
http://www.wikidata.org/entity/Q12882577,1993
http://www.wikidata.org/entity/Q13060093,1992
http://www.wikidata.org/entity/Q13586773,1989
http://www.wikidata.org/entity/Q13627677,1978
http://www.wikidata.org/entity/Q14493900,1968
http://www.wikidata.org/entity/Q14546558,1985
http://www.wikidata.org/entity/Q15077373,1962
http://www.wikidata.org/entity/Q15141477,1966
http://www.wikidata.org/entity/Q15300817,2009
http://www.wikidata.org/entity/Q15357587,1978
http://www.wikidata.org/entity/Q15357632,1985
http://www.wikidata.org/entity/Q15629158,1995
http://www.wikidata.org/entity/Q15697534,2010
http://www.wikidata.org/entity/Q15733887,2009
http://www.wikidata.org/entity/Q15893013,2008
http://www.wikidata.org/entity/Q16002495,2011
http://www.wikidata.org/entity/Q16056349,1965
http://www.wikidata.org/entity/Q16096634,2010
http://www.wikidata.org/entity/Q16491869,2000
http://www.wikidata.org/entity/Q16496542,2009
http://www.wikidata.org/entity/Q16530953,1979
http://www.wikidata.org/entity/Q16531329,2002
http://www.wikidata.org/entity/Q16625659,1971
http://www.wikidata.org/entity/Q16637770,1970
http://www.wikidata.org/entity/Q16724491,1870
http://www.wikidata.org/entity/Q16733731,1963
http://www.wikidata.org/entity/Q16821210,1920
http://www.wikidata.org/entity/Q16829781,2006
http://www.wikidata.org/entity/Q16837290,1991
http://www.wikidata.org/entity/Q16855754,2003
http://www.wikidata.org/entity/Q16873176,1963
http://www.wikidata.org/entity/Q16941867,1920
http://www.wikidata.org/entity/Q16951912,1993
http://www.wikidata.org/entity/Q16977816,2005
http://www.wikidata.org/entity/Q17004167,1965
http://www.wikidata.org/entity/Q17045843,1750
http://www.wikidata.org/entity/Q17051846,1800
http://www.wikidata.org/entity/Q17065399,1963
http://www.wikidata.org/entity/Q17108017,1988
http://www.wikidata.org/entity/Q17111801,1990
http://www.wikidata.org/entity/Q17146868,2007
http://www.wikidata.org/entity/Q17995961,1990
http://www.wikidata.org/entity/Q18204859,1998
http://www.wikidata.org/entity/Q18217098,1300
http://www.wikidata.org/entity/Q18278642,1999
http://www.wikidata.org/entity/Q18342587,2012
http://www.wikidata.org/entity/Q18358879,2010
http://www.wikidata.org/entity/Q18393891,2010
http://www.wikidata.org/entity/Q18432631,2009
http://www.wikidata.org/entity/Q19358266,2008
http://www.wikidata.org/entity/Q19672555,2005
http://www.wikidata.org/entity/Q19708604,2013
http://www.wikidata.org/entity/Q19860267,1970
http://www.wikidata.org/entity/Q19938910,2005
http://www.wikidata.org/entity/Q20021059,2013
http://www.wikidata.org/entity/Q20047305,2011
http://www.wikidata.org/entity/Q20108528,1970
http://www.wikidata.org/entity/Q20716146,2012
http://www.wikidata.org/entity/Q21000514,2008
http://www.wikidata.org/entity/Q21006606,1987
http://www.wikidata.org/entity/Q21427887,1970
http://www.wikidata.org/entity/Q21653344,1200
http://www.wikidata.org/entity/Q22908553,2010
http://www.wikidata.org/entity/Q22909461,1990
http://www.wikidata.org/entity/Q22964975,2009
http://www.wikidata.org/entity/Q22991878,1965
http://www.wikidata.org/entity/Q23925185,1965
http://www.wikidata.org/entity/Q24189851,2001
http://www.wikidata.org/entity/Q24876318,2007
http://www.wikidata.org/entity/Q24885387,1997
http://www.wikidata.org/entity/Q24887126,1978
http://www.wikidata.org/entity/Q24935256,1968
http://www.wikidata.org/entity/Q25040706,2014
http://www.wikidata.org/entity/Q25091767,1960
http://www.wikidata.org/entity/Q25094849,1955
http://www.wikidata.org/entity/Q25099691,2005
http://www.wikidata.org/entity/Q25099840,2008
http://www.wikidata.org/entity/Q25345818,1999
http://www.wikidata.org/entity/Q25389262,1992
http://www.wikidata.org/entity/Q25448883,1995
http://www.wikidata.org/entity/Q26234147,2015
http://www.wikidata.org/entity/Q27345019,2012
http://www.wikidata.org/entity/Q27961199,2009
http://www.wikidata.org/entity/Q28055053,2015
http://www.wikidata.org/entity/Q28070612,2000
http://www.wikidata.org/entity/Q28328303,1987
http://www.wikidata.org/entity/Q28342195,1976
http://www.wikidata.org/entity/Q28401124,1971
http://www.wikidata.org/entity/Q28458027,2001
http://www.wikidata.org/entity/Q28949059,1993
http://www.wikidata.org/entity/Q106594102,2007
http://www.wikidata.org/entity/Q106594174,2008
http://www.wikidata.org/entity/Q106594177,2011
http://www.wikidata.org/entity/Q106594523,1983
http://www.wikidata.org/entity/Q106594784,1990
http://www.wikidata.org/entity/Q106621063,1968
http://www.wikidata.org/entity/Q106634926,2015
http://www.wikidata.org/entity/Q106634944,2008
http://www.wikidata.org/entity/Q106636283,2016
http://www.wikidata.org/entity/Q106636289,2000
http://www.wikidata.org/entity/Q106641525,1987
http://www.wikidata.org/entity/Q106642094,1989
http://www.wikidata.org/entity/Q106654239,2011
http://www.wikidata.org/entity/Q106839582,1985
http://www.wikidata.org/entity/Q106876075,1995
http://www.wikidata.org/entity/Q106876903,1980
http://www.wikidata.org/entity/Q107010574,2011
http://www.wikidata.org/entity/Q107010629,2016
http://www.wikidata.org/entity/Q107090501,1995
http://www.wikidata.org/entity/Q107091813,1991
http://www.wikidata.org/entity/Q107267446,1970
http://www.wikidata.org/entity/Q107332291,2004
http://www.wikidata.org/entity/Q107407607,2012
http://www.wikidata.org/entity/Q107486984,1990
http://www.wikidata.org/entity/Q107515261,2018
http://www.wikidata.org/entity/Q107539904,1930
http://www.wikidata.org/entity/Q107697041,2013
http://www.wikidata.org/entity/Q107697201,2015
http://www.wikidata.org/entity/Q107697221,1993
http://www.wikidata.org/entity/Q107697234,2016
http://www.wikidata.org/entity/Q107697260,2010
http://www.wikidata.org/entity/Q107697441,1977
http://www.wikidata.org/entity/Q107982599,1993
http://www.wikidata.org/entity/Q107985638,1979
http://www.wikidata.org/entity/Q108123046,1985
http://www.wikidata.org/entity/Q108197774,2014
http://www.wikidata.org/entity/Q108297187,1990
http://www.wikidata.org/entity/Q108297194,1980
http://www.wikidata.org/entity/Q108297198,2001
http://www.wikidata.org/entity/Q108297200,2011
http://www.wikidata.org/entity/Q108297203,2002
http://www.wikidata.org/entity/Q108297209,1958
http://www.wikidata.org/entity/Q108297232,1995
http://www.wikidata.org/entity/Q108297234,1965
http://www.wikidata.org/entity/Q108297235,2008
http://www.wikidata.org/entity/Q108297238,2008
http://www.wikidata.org/entity/Q108297242,1998
http://www.wikidata.org/entity/Q108297243,2014
http://www.wikidata.org/entity/Q108297246,2017
http://www.wikidata.org/entity/Q108297250,1996
http://www.wikidata.org/entity/Q108321657,2001
http://www.wikidata.org/entity/Q108555812,2015
http://www.wikidata.org/entity/Q108665742,1983
http://www.wikidata.org/entity/Q108716407,2005
http://www.wikidata.org/entity/Q108807661,1960
http://www.wikidata.org/entity/Q108807663,2003
http://www.wikidata.org/entity/Q108831582,2008
http://www.wikidata.org/entity/Q108979517,1981
http://www.wikidata.org/entity/Q109077288,1986
http://www.wikidata.org/entity/Q109148913,2009
http://www.wikidata.org/entity/Q109303336,2007
http://www.wikidata.org/entity/Q109322851,2003
http://www.wikidata.org/entity/Q109335331,2006
http://www.wikidata.org/entity/Q109378734,2007
http://www.wikidata.org/entity/Q109382160,2013
http://www.wikidata.org/entity/Q109382432,1989
http://www.wikidata.org/entity/Q109271890,
http://www.wikidata.org/entity/Q109538574,1990
http://www.wikidata.org/entity/Q109555263,1870
http://www.wikidata.org/entity/Q109589387,2017
http://www.wikidata.org/entity/Q109589503,1983
http://www.wikidata.org/entity/Q109713720,2015
http://www.wikidata.org/entity/Q109713928,1997
http://www.wikidata.org/entity/Q109714084,1999
http://www.wikidata.org/entity/Q109714096,1998
http://www.wikidata.org/entity/Q109715837,1999
http://www.wikidata.org/entity/Q109719462,1880
http://www.wikidata.org/entity/Q109753757,2012
http://www.wikidata.org/entity/Q109771322,2011
http://www.wikidata.org/entity/Q109873537,2013
http://www.wikidata.org/entity/Q109941986,2011
http://www.wikidata.org/entity/Q110101806,2000
http://www.wikidata.org/entity/Q110101956,2011
http://www.wikidata.org/entity/Q110121422,1991
http://www.wikidata.org/entity/Q110126996,2017
http://www.wikidata.org/entity/Q110127020,2019
http://www.wikidata.org/entity/Q110141586,2009
http://www.wikidata.org/entity/Q110168453,1960
http://www.wikidata.org/entity/Q110185782,2013
http://www.wikidata.org/entity/Q110226234,1986
http://www.wikidata.org/entity/Q110230419,1977
http://www.wikidata.org/entity/Q110620412,2014
http://www.wikidata.org/entity/Q110643230,2019
http://www.wikidata.org/entity/Q110874814,1992
http://www.wikidata.org/entity/Q110967939,2011
http://www.wikidata.org/entity/Q111133884,2017
http://www.wikidata.org/entity/Q111133885,2017
http://www.wikidata.org/entity/Q111182811,2011
http://www.wikidata.org/entity/Q111387914,1966
http://www.wikidata.org/entity/Q111442385,2003
http://www.wikidata.org/entity/Q111628716,2012
http://www.wikidata.org/entity/Q111653578,2012
http://www.wikidata.org/entity/Q111678759,2016
http://www.wikidata.org/entity/Q111971710,1990
http://www.wikidata.org/entity/Q111971785,2014
http://www.wikidata.org/entity/Q111971801,1996
http://www.wikidata.org/entity/Q112118783,2018
http://www.wikidata.org/entity/Q112118786,1998
http://www.wikidata.org/entity/Q112144236,1983
http://www.wikidata.org/entity/Q112144256,1998
http://www.wikidata.org/entity/Q112628064,1980
http://www.wikidata.org/entity/Q112663444,1990
http://www.wikidata.org/entity/Q112829330,2009
http://www.wikidata.org/entity/Q112939048,1950
http://www.wikidata.org/entity/Q112972994,1978
http://www.wikidata.org/entity/Q112997482,2016
http://www.wikidata.org/entity/Q113084468,1970
http://www.wikidata.org/entity/Q113332645,2019
http://www.wikidata.org/entity/Q113493820,2000
http://www.wikidata.org/entity/Q113509746,1990
http://www.wikidata.org/entity/Q113510667,1993
http://www.wikidata.org/entity/Q113600471,2005
http://www.wikidata.org/entity/Q114107195,2007
http://www.wikidata.org/entity/Q114238485,2022
http://www.wikidata.org/entity/Q114594005,2016
http://www.wikidata.org/entity/Q114743580,2015
http://www.wikidata.org/entity/Q114878571,2017
http://www.wikidata.org/entity/Q114880124,1984
http://www.wikidata.org/entity/Q114880130,1997
http://www.wikidata.org/entity/Q114907074,1900
http://www.wikidata.org/entity/Q114907417,1940
http://www.wikidata.org/entity/Q115063474,2005
http://www.wikidata.org/entity/Q115200681,1999
http://www.wikidata.org/entity/Q115483855,2021
http://www.wikidata.org/entity/Q115485183,2018
http://www.wikidata.org/entity/Q115690999,2019
http://www.wikidata.org/entity/Q115691081,2010
http://www.wikidata.org/entity/Q116045209,2018
http://www.wikidata.org/entity/Q116148184,1993
http://www.wikidata.org/entity/Q116210851,2000
http://www.wikidata.org/entity/Q116285483,2000
http://www.wikidata.org/entity/Q116314630,2012
http://www.wikidata.org/entity/Q116679787,2016
http://www.wikidata.org/entity/Q116745991,2020
http://www.wikidata.org/entity/Q116875230,1987
http://www.wikidata.org/entity/Q116972319,1983
http://www.wikidata.org/entity/Q116985035,1969
http://www.wikidata.org/entity/Q117193815,2013
http://www.wikidata.org/entity/Q117198196,2019
http://www.wikidata.org/entity/Q117353741,1992
http://www.wikidata.org/entity/Q117745223,1989
http://www.wikidata.org/entity/Q118798959,2006
http://www.wikidata.org/entity/Q119259589,2015
http://www.wikidata.org/entity/Q119438497,2009
http://www.wikidata.org/entity/Q120484427,2020
http://www.wikidata.org/entity/Q122474125,2014
http://www.wikidata.org/entity/Q123753500,2020
http://www.wikidata.org/entity/Q124080511,2001
http://www.wikidata.org/entity/Q124099574,1994
http://www.wikidata.org/entity/Q124312240,1970
http://www.wikidata.org/entity/Q124352838,2010
http://www.wikidata.org/entity/Q124616529,2022
http://www.wikidata.org/entity/Q124692508,2020
http://www.wikidata.org/entity/Q124791567,2009
http://www.wikidata.org/entity/Q126175574,2019
http://www.wikidata.org/entity/Q126728409,2011
http://www.wikidata.org/entity/Q126954549,2001
http://www.wikidata.org/entity/Q127606323,2023
http://www.wikidata.org/entity/Q127606361,2020
http://www.wikidata.org/entity/Q127606394,2018
http://www.wikidata.org/entity/Q128792684,1970
http://www.wikidata.org/entity/Q130349818,1600
http://www.wikidata.org/entity/Q130369429,1970
http://www.wikidata.org/entity/Q130532355,1960
http://www.wikidata.org/entity/Q131440882,1980
http://www.wikidata.org/entity/Q132508451,1924
http://www.wikidata.org/entity/Q132526862,1995
http://www.wikidata.org/entity/Q132778448,2010
http://www.wikidata.org/entity/Q133294481,1985
http://www.wikidata.org/entity/Q133501932,2000
http://www.wikidata.org/entity/Q133854160,1960
http://www.wikidata.org/entity/Q134383813,2022
http://www.wikidata.org/entity/Q134983275,2024
http://www.wikidata.org/entity/Q135239105,2009
http://www.wikidata.org/entity/Q135437342,2008
http://www.wikidata.org/entity/Q135493744,2014
